pair,GeneID,forward_primer,reverse_primer,Product_bp,Start_Pos,End_Pos,Fwd_Eff,Rev_Eff,deltaEff,origin,Vis_PASS_Fwd,Vis_PASS_Rev,SMS_PASS_Fwd,SMS_PASS_Rev,MPA_PASS_CrossDimer,BLAST_SPECIFICITY_PASS,BLAST_MUS_PASS
6,CTYZ_00000998,TTCCTTCACACTTGGGAATA,TGAACATGAACTCCGCAC,283,886899,887181,0.85,0.86,0.01,cnd_minusIndels,TRUE,TRUE,TRUE,TRUE,TRUE,T,T
4,CTYZ_00001005,GCAGAAAGTTCAATAATCAGGAA,GCCAGAAAGAATATCACTCCA,264,896116,895853,0.87,0.89,0.02,cnd_minusIndels,TRUE,TRUE,TRUE,TRUE,TRUE,T,T
8,CTYZ_00001005,GCAGAAAGTTCAATAATCAGGAA,GCTCTTTCTATTCTTTGTAATTGGA,297,896116,895820,0.87,0.94,0.07,cnd_minusIndels,TRUE,TRUE,TRUE,TRUE,TRUE,T,T
10,CTYZ_00001002,AGTAAAGTTCATAAATCAAAACCTG,TGATCTGCTAAAAGAACGTCT,312,892463,892774,0.75,0.84,0.09,cnd_minusIndels,TRUE,TRUE,TRUE,TRUE,TRUE,T,T
3,CTYZ_00002714,AAGAGGTACAAAATGTTTCCG,TTCAAGAATTGATGCTTCGTATA,314,21887,22200,0.85,0.82,0.03,cnd_minusIndels,TRUE,TRUE,TRUE,TRUE,TRUE,T,T
5,CTYZ_00002714,AAGAGGTACAAAATGTTTCCG,ATAGAAAAGAATAGGTTGTCATAAGA,255,21887,22141,0.85,0.88,0.03,cnd_minusIndels,TRUE,TRUE,TRUE,TRUE,TRUE,T,T
9,CTYZ_00002714,AAGAGGTACAAAATGTTTCCG,AAAAGAATAGGTTGTCATAAGAGT,251,21887,22137,0.85,0.82,0.03,cnd_minusIndels,TRUE,TRUE,TRUE,TRUE,TRUE,T,T
2,CTYZ_00002543,TTCCAAAAGAGTAGTATTTCCAAA,CAGTTGATTCCATTATTGACTGT,323,595832,595510,0.77,0.84,0.07,cnd_minusIndels,TRUE,TRUE,TRUE,TRUE,TRUE,T,T
3,CTYZ_00002543,TTCCAAAAGAGTAGTATTTCCAAA,TGGATCTGTAATGCAATATCTCT,348,595832,595485,0.77,0.83,0.06,cnd_minusIndels,TRUE,TRUE,TRUE,TRUE,TRUE,T,T
5,CTYZ_00002543,TTCCAAAAGAGTAGTATTTCCAAA,TGTTGTACTTTTAAATCTGTAATGTT,303,595832,595530,0.77,0.84,0.07,cnd_minusIndels,TRUE,TRUE,TRUE,TRUE,TRUE,T,T
7,CTYZ_00002543,TTCCAAAAGAGTAGTATTTCCAAA,GTAATGTTTCTCTGCAGCTC,285,595832,595548,0.77,0.83,0.06,cnd_minusIndels,TRUE,TRUE,TRUE,TRUE,TRUE,T,T
3,CTYZ_00003983,AGAAGAGAAAGAGAAGAGAAAGA,CAAGCATGTCTGAAATACCTT,,,,0.85,0.84,0.01,cnd_minusIndels,TRUE,TRUE,TRUE,TRUE,TRUE,F,
8,CTYZ_00003983,AGAAGAGAAAGAGAAGAGAAAGA,AACTCCATCCCAGTCCTA,,,,0.85,0.92,0.07,cnd_minusIndels,TRUE,TRUE,TRUE,TRUE,TRUE,F,
10,CTYZ_00003983,AGAAGAGAAAGAGAAGAGAAAGA,AAAGTGAAGCAAGCATGTC,,,,0.85,0.89,0.04,cnd_minusIndels,TRUE,TRUE,TRUE,TRUE,TRUE,F,
6,CTYZ_00001596,TCTTTCAAATAAATCAGCAGGA,AACACTAAAATAATCTTCAATCTCTC,324,909871,910194,0.82,0.84,0.02,cnd_minusIndels,TRUE,TRUE,TRUE,TRUE,TRUE,T,T
7,CTYZ_00001596,TCTTTCAAATAAATCAGCAGGA,GTGCTGTAGGACCTTTCTT,289,909871,910159,0.82,0.87,0.05,cnd_minusIndels,TRUE,TRUE,TRUE,TRUE,TRUE,T,F
9,CTYZ_00001596,TCTTTCAAATAAATCAGCAGGA,CGTGCTGTAGGACCTTTC,290,909871,910160,0.82,0.89,0.07,cnd_minusIndels,TRUE,TRUE,TRUE,TRUE,TRUE,T,T
4,CTYZ_00002382,AACTCTCAGAAATGTCCAGA,TTCCTACGATATTCTTCCTCTT,287,304360,304646,0.82,0.81,0.01,cnd_minusIndels,TRUE,TRUE,TRUE,TRUE,TRUE,T,T
1,CTYZ_00002553,ACCAAGACAATCTAATCTCAAAG,GCTATTTTATTCACCTCTGAAATAAG,309,621598,621906,0.75,0.82,0.07,cnd_minusIndels,TRUE,TRUE,TRUE,TRUE,TRUE,T,T
7,CTYZ_00002553,ACCAAGACAATCTAATCTCAAAG,GTGTTTCCAAATTACATGGCT,284,621598,621881,0.75,0.82,0.07,cnd_minusIndels,TRUE,TRUE,TRUE,TRUE,TRUE,T,T
2,CTYZ_00001064,TTTTATTTATTTTGGAAGTCTTGCTA,CCCAATACAACCTCCTGTC,292,1013600,1013309,0.86,0.85,0.01,cnd_plusIndels,TRUE,TRUE,TRUE,TRUE,TRUE,T,T
3,CTYZ_00001064,TTTTATTTATTTTGGAAGTCTTGCTA,ACAACCTCCTGTCATAAAGC,286,1013600,1013315,0.86,0.85,0.01,cnd_plusIndels,TRUE,TRUE,TRUE,TRUE,TRUE,T,F
4,CTYZ_00000245,AGCATCATCAAAACAACTATTATC,CAATAAAATGAATGTATCTCATACCG,252,580549,580298,0.76,0.81,0.05,cnd_plusIndels,TRUE,TRUE,TRUE,TRUE,TRUE,T,T
10,CTYZ_00000245,TCATATTGGACATTATTCTGGTATT,CCATTGAAGTAATAAAAGGAATTGTA,311,581539,581229,0.9,0.88,0.02,cnd_plusIndels,TRUE,TRUE,TRUE,TRUE,TRUE,T,T
8,CTYZ_00003061,GCTTCCATTTGCGGTCT,CGACTTGTACTCATATTAATCAAGG,290,829102,828813,0.82,0.91,0.09,cnd_plusIndels,TRUE,TRUE,TRUE,TRUE,TRUE,T,T