1,"TTCCTTCACACTTGGGAATA","ACATTGTGTGATGTCATGAAC","CTYZ_00000998",0.85,0.79,0.06,TRUE
5,"TTCCTTCACACTTGGGAATA","AAACATTGTGTGATGTCATGA","CTYZ_00000998",0.85,0.85,0,TRUE
6,"TTCCTTCACACTTGGGAATA","TGAACATGAACTCCGCAC","CTYZ_00000998",0.85,0.86,0.01,TRUE
7,"TTCCTTCACACTTGGGAATA","CATTGTGTGATGTCATGAACA","CTYZ_00000998",0.85,0.79,0.06,TRUE
9,"TTCCTTCACACTTGGGAATA","CGTATTTGAAAGTGTTCTTTAAACAT","CTYZ_00000998",0.85,0.85,0,TRUE
10,"TTCCTTCACACTTGGGAATA","ACATTATCCTACCGCTCCT","CTYZ_00000998",0.85,0.85,0,TRUE
2,"GACAATTCACTCAGTTAAAGTTTTAT","AGATTGTGCCTCCAACTTC","CTYZ_00000194",0.91,0.9,0.01,TRUE
6,"GACAATTCACTCAGTTAAAGTTTTAT","GTGCCTCCAACTTCAATTC","CTYZ_00000194",0.91,0.83,0.08,TRUE
9,"GACAATTCACTCAGTTAAAGTTTTAT","GCAGATTTCTCAAGATCTTCTC","CTYZ_00000194",0.91,0.82,0.09,TRUE
3,"AAGGCGAGAGATATTCTTACA","ATATAAAGTTCCCGTTTCATAATTC","CTYZ_00001006",0.78,0.82,0.04,TRUE
5,"AAGGCGAGAGATATTCTTACA","CTATCAAATTTACAGTCTAGGATAGA","CTYZ_00001006",0.78,0.74,0.04,TRUE
6,"AAGGCGAGAGATATTCTTACA","TCAACGGAACCTGGTTG","CTYZ_00001006",0.78,0.8,0.02,TRUE
8,"AAGGCGAGAGATATTCTTACA","TGTGTCATATAAAGTTCCCGT","CTYZ_00001006",0.78,0.82,0.04,TRUE
10,"AAGGCGAGAGATATTCTTACA","AGGATAGAGTTTTCAGCTTCA","CTYZ_00001006",0.78,0.76,0.02,TRUE
4,"GCAGAAAGTTCAATAATCAGGAA","GCCAGAAAGAATATCACTCCA","CTYZ_00001005",0.87,0.89,0.02,TRUE
7,"GCAGAAAGTTCAATAATCAGGAA","GGACTTATTTTGCCAGAAAGAAT","CTYZ_00001005",0.87,0.9,0.03,TRUE
8,"GCAGAAAGTTCAATAATCAGGAA","GCTCTTTCTATTCTTTGTAATTGGA","CTYZ_00001005",0.87,0.94,0.07,TRUE
10,"GCAGAAAGTTCAATAATCAGGAA","GGACTTATTTTGCCAGAAAGA","CTYZ_00001005",0.87,0.81,0.06,TRUE
1,"CTAGAATAGTTTTTGCTATCTCGT","AAATAAATCTTGCTAATCGTAAAGAT","CTYZ_00000991",0.77,0.81,0.04,TRUE
2,"CTAGAATAGTTTTTGCTATCTCGT","CGTAGTTTATTGTTTGCTGACT","CTYZ_00000991",0.77,0.86,0.09,TRUE
3,"CTAGAATAGTTTTTGCTATCTCGT","GGGGGCTTTTGATTCGA","CTYZ_00000991",0.77,0.85,0.08,TRUE
4,"CTAGAATAGTTTTTGCTATCTCGT","CAAAATCGTAGTTTATTGTTTGCT","CTYZ_00000991",0.77,0.86,0.09,TRUE
10,"CTAGAATAGTTTTTGCTATCTCGT","ATAAATCTTGCTAATCGTAAAGATG","CTYZ_00000991",0.77,0.74,0.03,TRUE
1,"AGGCAAGTAACTGGAAAAATG","CCAATAATATTTGTTGAGCATCCT","CTYZ_00000992",0.82,0.9,0.08,TRUE
2,"AGGCAAGTAACTGGAAAAATG","CCAATAATATTTGTTGAGCATCC","CTYZ_00000992",0.82,0.74,0.08,TRUE
3,"AGGCAAGTAACTGGAAAAATG","CTCCAATAATATTTGTTGAGCATC","CTYZ_00000992",0.82,0.83,0.01,TRUE
5,"AGGCAAGTAACTGGAAAAATG","ATATTTGTTGAGCATCCTGAAA","CTYZ_00000992",0.82,0.81,0.01,TRUE
6,"AGGCAAGTAACTGGAAAAATG","GAGCATCCTGAAAAATGTTGA","CTYZ_00000992",0.82,0.9,0.08,TRUE
7,"AGGCAAGTAACTGGAAAAATG","TTGTTGAGCATCCTGAAAAAT","CTYZ_00000992",0.82,0.75,0.07,TRUE
8,"AGGCAAGTAACTGGAAAAATG","TCCTGAAAAATGTTGATTAAAGTTT","CTYZ_00000992",0.82,0.91,0.09,TRUE
9,"AGGCAAGTAACTGGAAAAATG","TGTTGAGCATCCTGAAAAATG","CTYZ_00000992",0.82,0.84,0.02,TRUE
10,"AGGCAAGTAACTGGAAAAATG","CCTGAAAAATGTTGATTAAAGTTTTT","CTYZ_00000992",0.82,0.87,0.05,TRUE
1,"AAAAGCGTGAAGAAAAAGGT","AGTCTGAAATATTTTCGTCTTTATTT","CTYZ_00000996",0.87,0.81,0.06,TRUE
2,"AAAAGCGTGAAGAAAAAGGT","TTTATTTGGTTCTAAGCTACTGTT","CTYZ_00000996",0.87,0.88,0.01,TRUE
3,"AAAAGCGTGAAGAAAAAGGT","TGAAATATTTTCGTCTTTATTTGGTT","CTYZ_00000996",0.87,0.89,0.02,TRUE
4,"AAAAGCGTGAAGAAAAAGGT","AAGTCTGAAATATTTTCGTCTTTATT","CTYZ_00000996",0.87,0.89,0.02,TRUE
5,"AAAAGCGTGAAGAAAAAGGT","CTTTATTTGGTTCTAAGCTACTGT","CTYZ_00000996",0.87,0.84,0.03,TRUE
7,"AAAAGCGTGAAGAAAAAGGT","AAATATTTTCGTCTTTATTTGGTTCT","CTYZ_00000996",0.87,0.88,0.01,TRUE
8,"AAAAGCGTGAAGAAAAAGGT","CGTCTTTATTTGGTTCTAAGCT","CTYZ_00000996",0.87,0.8,0.07,TRUE
9,"AAAAGCGTGAAGAAAAAGGT","GTCTTTATTTGGTTCTAAGCTACT","CTYZ_00000996",0.87,0.81,0.06,TRUE
10,"AAAAGCGTGAAGAAAAAGGT","GGTTAGCATGTATTACTTACCATAT","CTYZ_00000996",0.87,0.87,0,TRUE
1,"CCCATCTATTAAGCAACTAAAATATT","ACTTTCCATATCTAGCAAATAATTTT","CTYZ_00000007",0.84,0.79,0.05,TRUE
2,"CCCATCTATTAAGCAACTAAAATATT","AACTTTCCATATCTAGCAAATAATTT","CTYZ_00000007",0.84,0.88,0.04,TRUE
3,"CCCATCTATTAAGCAACTAAAATATT","AAACTTTCCATATCTAGCAAATAATT","CTYZ_00000007",0.84,0.88,0.04,TRUE
5,"CCCATCTATTAAGCAACTAAAATATT","CATCTTTTTCACAAGTAAGGGT","CTYZ_00000007",0.84,0.79,0.05,TRUE
6,"CCCATCTATTAAGCAACTAAAATATT","GGTCTCATGTCTTTTTCCGT","CTYZ_00000007",0.84,0.91,0.07,TRUE
7,"CCCATCTATTAAGCAACTAAAATATT","GATCTCCATCTTTTTCACAAGT","CTYZ_00000007",0.84,0.82,0.02,TRUE
8,"CCCATCTATTAAGCAACTAAAATATT","ACAGCCAAACTTTCCATATCT","CTYZ_00000007",0.84,0.85,0.01,TRUE
9,"CCCATCTATTAAGCAACTAAAATATT","GCAAATAATTTTGTCAAATCAGCT","CTYZ_00000007",0.84,0.88,0.04,TRUE
10,"CCCATCTATTAAGCAACTAAAATATT","GTACAGCCAAACTTTCCATAT","CTYZ_00000007",0.84,0.77,0.07,TRUE
1,"AGTAAAGTTCATAAATCAAAACCTG","TCTGCTAAAAGAACGTCTTTTT","CTYZ_00001002",0.75,0.77,0.02,TRUE
2,"AGTAAAGTTCATAAATCAAAACCTG","ATCTGCTAAAAGAACGTCTTTT","CTYZ_00001002",0.75,0.74,0.01,TRUE
8,"AGTAAAGTTCATAAATCAAAACCTG","CCTTTCTTTGCTCATTACAAATT","CTYZ_00001002",0.75,0.81,0.06,TRUE
9,"AGTAAAGTTCATAAATCAAAACCTG","ATAATGATCTGCTAAAAGAACGT","CTYZ_00001002",0.75,0.83,0.08,TRUE
10,"AGTAAAGTTCATAAATCAAAACCTG","TGATCTGCTAAAAGAACGTCT","CTYZ_00001002",0.75,0.84,0.09,TRUE
1,"TCAAAAATTTATGAGAAATCCACTC","TCAATACCTCTTCCCCATAAAT","CTYZ_00001004",0.85,0.85,0,TRUE
2,"TCAAAAATTTATGAGAAATCCACTC","CCCATAAATCTGTTGTAATTAAAACT","CTYZ_00001004",0.85,0.81,0.04,TRUE
3,"TCAAAAATTTATGAGAAATCCACTC","AATCTGTTGTAATTAAAACTCGTG","CTYZ_00001004",0.85,0.85,0,TRUE
5,"TCAAAAATTTATGAGAAATCCACTC","TCCCCATAAATCTGTTGTAATTAA","CTYZ_00001004",0.85,0.85,0,TRUE
6,"TCAAAAATTTATGAGAAATCCACTC","TTCCCCATAAATCTGTTGTAATTA","CTYZ_00001004",0.85,0.88,0.03,TRUE
7,"TCAAAAATTTATGAGAAATCCACTC","CTTCCCCATAAATCTGTTGTAA","CTYZ_00001004",0.85,0.77,0.08,TRUE
9,"TCAAAAATTTATGAGAAATCCACTC","TTCCCCATAAATCTGTTGTAATT","CTYZ_00001004",0.85,0.84,0.01,TRUE
10,"TCAAAAATTTATGAGAAATCCACTC","CTGTTGTAATTAAAACTCGTGTT","CTYZ_00001004",0.85,0.77,0.08,TRUE
3,"AAGAGGTACAAAATGTTTCCG","TTCAAGAATTGATGCTTCGTATA","CTYZ_00002714",0.85,0.82,0.03,TRUE
4,"AAGAGGTACAAAATGTTTCCG","TGATGCTTCGTATATTGAATTTAATT","CTYZ_00002714",0.85,0.87,0.02,TRUE
5,"AAGAGGTACAAAATGTTTCCG","ATAGAAAAGAATAGGTTGTCATAAGA","CTYZ_00002714",0.85,0.88,0.03,TRUE
6,"AAGAGGTACAAAATGTTTCCG","TTGATGCTTCGTATATTGAATTTAAT","CTYZ_00002714",0.85,0.77,0.08,TRUE
9,"AAGAGGTACAAAATGTTTCCG","AAAAGAATAGGTTGTCATAAGAGT","CTYZ_00002714",0.85,0.82,0.03,TRUE
2,"TCGAAGATAATGAGCAAAAAGA","CTGAATCTGGGATTTCAATTCTAT","CTYZ_00001000",0.81,0.86,0.05,TRUE
6,"TCGAAGATAATGAGCAAAAAGA","CAATTCTATCCTCTCCATGAAC","CTYZ_00001000",0.81,0.73,0.08,TRUE
7,"TCGAAGATAATGAGCAAAAAGA","TCTTAATTCATTTCTCTCTTCTAGTG","CTYZ_00001000",0.81,0.87,0.06,TRUE
8,"TCGAAGATAATGAGCAAAAAGA","GATTTCAATTCTATCCTCTCCAT","CTYZ_00001000",0.81,0.75,0.06,TRUE
10,"TCGAAGATAATGAGCAAAAAGA","TGGGATTTCAATTCTATCCTCT","CTYZ_00001000",0.81,0.77,0.04,TRUE
5,"ACAAGAGGACAAAGAAAAAGAA","GTTGAAGAACATCCTTGTAAAATT","CTYZ_00001598",0.74,0.8,0.06,TRUE
6,"ACAAGAGGACAAAGAAAAAGAA","CCAATTTCATTAAAATCAGGATGT","CTYZ_00001598",0.74,0.7,0.04,TRUE
7,"ACAAGAGGACAAAGAAAAAGAA","TGAAGAACATCCTTGTAAAATTCT","CTYZ_00001598",0.74,0.75,0.01,TRUE
8,"ACAAGAGGACAAAGAAAAAGAA","TTCCATAAGCATTGACTTAATACT","CTYZ_00001598",0.74,0.73,0.01,TRUE
10,"ACAAGAGGACAAAGAAAAAGAA","ATCCTTGTAAAATTCTATAGATGACT","CTYZ_00001598",0.74,0.72,0.02,TRUE
2,"AAAGAAACGAAATGCTATTTTTGA","AATTTTCTCTAACGTGTTTATTCTG","CTYZ_00000993",0.91,0.87,0.04,TRUE
6,"AAAGAAACGAAATGCTATTTTTGA","AAATATACGAATTTCAGCCCTTA","CTYZ_00000993",0.91,0.93,0.02,TRUE
7,"AAAGAAACGAAATGCTATTTTTGA","CGTGTTTATTCTGTAGTAACCATA","CTYZ_00000993",0.91,0.91,0,TRUE
10,"AAAGAAACGAAATGCTATTTTTGA","CTGAATAACCTCTATCATTGATCTAA","CTYZ_00000993",0.91,0.84,0.07,TRUE
1,"TGCTTTCATTGCTTTCTTCC","AGGCGTACTTTTCTCTGTAAT","CTYZ_00001187",0.81,0.81,0,TRUE
3,"TGCTTTCATTGCTTTCTTCC","CAAATTGCTCAGTATCAAGGA","CTYZ_00001187",0.81,0.75,0.06,TRUE
4,"TGCTTTCATTGCTTTCTTCC","AGTAGCATGGGAACCAAATT","CTYZ_00001187",0.81,0.72,0.09,TRUE
5,"TGCTTTCATTGCTTTCTTCC","TCAGTATCAAGGAAAACAAAGG","CTYZ_00001187",0.81,0.84,0.03,TRUE
6,"TGCTTTCATTGCTTTCTTCC","TGGGAATTTCTCAATCAAGAGA","CTYZ_00001187",0.81,0.84,0.03,TRUE
8,"TGCTTTCATTGCTTTCTTCC","CTGGGAATTTCTCAATCAAGAG","CTYZ_00001187",0.81,0.77,0.04,TRUE
2,"AACAAGACAGAAATAGAAGTCAATA","GGAAGTTTGATTTTCTTGGAAATG","CTYZ_00001495",0.95,0.88,0.07,TRUE
6,"AACAAGACAGAAATAGAAGTCAATA","AGTTTGATTTTCTTGGAAATGTTTAA","CTYZ_00001495",0.95,0.88,0.07,TRUE
9,"TTACAAAGAAAAAAAGTTTGATGAAG","TTTCAATATTCACCCACAAAGT","CTYZ_00001495",0.76,0.76,0,TRUE
10,"TTACAAAGAAAAAAAGTTTGATGAAG","ACCCACAAAGTTGGTAATTC","CTYZ_00001495",0.76,0.72,0.04,TRUE
2,"AGTTTATTAAACAAGATCCTGCTA","TTACATCTACTATCTTTTCGTTAGAA","CTYZ_00000997",0.85,0.79,0.06,TRUE
4,"AGTTTATTAAACAAGATCCTGCTA","ATATCCACCACTCTTCATACTT","CTYZ_00000997",0.85,0.91,0.06,TRUE
5,"AGTTTATTAAACAAGATCCTGCTA","ATCCGATGATTTGGGGATT","CTYZ_00000997",0.85,0.82,0.03,TRUE
6,"AGTTTATTAAACAAGATCCTGCTA","GTTAGAAGAACAACGCGTATA","CTYZ_00000997",0.85,0.82,0.03,TRUE
7,"AGTTTATTAAACAAGATCCTGCTA","CCACCACTCTTCATACTTTGT","CTYZ_00000997",0.85,0.87,0.02,TRUE
8,"AGTTTATTAAACAAGATCCTGCTA","ACATCTACTATCTTTTCGTTAGAAG","CTYZ_00000997",0.85,0.79,0.06,TRUE
10,"AGTTTATTAAACAAGATCCTGCTA","TCTTTACATCTACTATCTTTTCGTT","CTYZ_00000997",0.85,0.88,0.03,TRUE
2,"GCAAGTTTGCTGTTTTTGTTTTT","TGGAGATGTTAAAATGACCTTTC","CTYZ_00003977",0.95,0.87,0.08,TRUE
6,"GCAAGTTTGCTGTTTTTGTTTTT","CTGGAGATGTTAAAATGACCTTT","CTYZ_00003977",0.95,0.91,0.04,TRUE
9,"GCAAGTTTGCTGTTTTTGTTTTT","ACTGGAGATGTTAAAATGACCT","CTYZ_00003977",0.95,0.86,0.09,TRUE
10,"GCAAGTTTGCTGTTTTTGTTTTT","TGGAGGCATCAAATTTGAAATT","CTYZ_00003977",0.95,0.91,0.04,TRUE
2,"TTCCAAAAGAGTAGTATTTCCAAA","CAGTTGATTCCATTATTGACTGT","CTYZ_00002543",0.77,0.84,0.07,TRUE
3,"TTCCAAAAGAGTAGTATTTCCAAA","TGGATCTGTAATGCAATATCTCT","CTYZ_00002543",0.77,0.83,0.06,TRUE
4,"TTCCAAAAGAGTAGTATTTCCAAA","TTCCATTATTGACTGTTGTACTT","CTYZ_00002543",0.77,0.75,0.02,TRUE
5,"TTCCAAAAGAGTAGTATTTCCAAA","TGTTGTACTTTTAAATCTGTAATGTT","CTYZ_00002543",0.77,0.84,0.07,TRUE
6,"TTCCAAAAGAGTAGTATTTCCAAA","AAATCTGTAATGTTTCTCTGCA","CTYZ_00002543",0.77,0.84,0.07,TRUE
7,"TTCCAAAAGAGTAGTATTTCCAAA","GTAATGTTTCTCTGCAGCTC","CTYZ_00002543",0.77,0.83,0.06,TRUE
9,"TTCCAAAAGAGTAGTATTTCCAAA","CTAACAGTTGATTCCATTATTGAC","CTYZ_00002543",0.77,0.71,0.06,TRUE
10,"TTCCAAAAGAGTAGTATTTCCAAA","CAATATCTCTAACAGTTGATTCCA","CTYZ_00002543",0.77,0.76,0.01,TRUE
1,"AATAGCATCTTTGAGTTGGTAAA","ACTCGTAGAATCCGATTCAC","CTYZ_00000989",0.85,0.77,0.08,TRUE
2,"AATAGCATCTTTGAGTTGGTAAA","TTGGTGACTTTAAGCTCGA","CTYZ_00000989",0.85,0.81,0.04,TRUE
5,"AATAGCATCTTTGAGTTGGTAAA","GGTGACTTTAAGCTCGACA","CTYZ_00000989",0.85,0.84,0.01,TRUE
6,"GTTGACGAGATGGCTGAT","GATGAAAACAAGTATTTTCCAGAC","CTYZ_00000989",0.78,0.84,0.06,TRUE
7,"GTTGACGAGATGGCTGAT","AATTAGATGAAAACAAGTATTTTCCA","CTYZ_00000989",0.78,0.83,0.05,TRUE
8,"GATTTGTTTATAGGTGTCTTAGAATG","AGACACCATTTATATATATTGCTGTA","CTYZ_00000989",0.84,0.87,0.03,TRUE
9,"GATTTGTTTATAGGTGTCTTAGAATG","ATGCCCTAACACATTGAGTA","CTYZ_00000989",0.84,0.86,0.02,TRUE
2,"CCCGGAAAAAAAGTCTTTAGTA","AGGTTTCTGACCCTCCTT","CTYZ_00001186",0.89,0.81,0.08,TRUE
6,"CCCGGAAAAAAAGTCTTTAGTA","CGTCTTTACTGCCTTTGTAAAC","CTYZ_00001186",0.89,0.92,0.03,TRUE
7,"CCCGGAAAAAAAGTCTTTAGTA","GACCCTCCTTATTAATCTTTTGTA","CTYZ_00001186",0.89,0.91,0.02,TRUE
8,"CCCGGAAAAAAAGTCTTTAGTA","CCCTCCTTATTAATCTTTTGTAAGA","CTYZ_00001186",0.89,0.84,0.05,TRUE
9,"CCCGGAAAAAAAGTCTTTAGTA","AGTTTTGGCTTTGGTCTTTG","CTYZ_00001186",0.89,0.83,0.06,TRUE
10,"CCCGGAAAAAAAGTCTTTAGTA","GTTTTGGCTTTGGTCTTTGA","CTYZ_00001186",0.89,0.89,0,TRUE
5,"CATCCACAAAAATGGAATTATTCA","TTATGATACAAATCAAATGCTCTG","CTYZ_00000999",0.63,0.72,0.09,TRUE
6,"CATCCACAAAAATGGAATTATTCA","GCTCTGTTATCATGGAAAGG","CTYZ_00000999",0.63,0.71,0.08,TRUE
8,"CATCCACAAAAATGGAATTATTCA","CTCTGTTATCATGGAAAGGTAG","CTYZ_00000999",0.63,0.69,0.06,TRUE
1,"GGAAGAGAGATTTTTAGTATTTGGA","GATTCTAATGTTTTTTGTCCTTCTT","CTYZ_00002715",0.88,0.91,0.03,TRUE
2,"GGAAGAGAGATTTTTAGTATTTGGA","TCTAATGTTTTTTGTCCTTCTTCA","CTYZ_00002715",0.88,0.88,0,TRUE
3,"GGAAGAGAGATTTTTAGTATTTGGA","CCATTTCTTTGACAAAAACTAATCT","CTYZ_00002715",0.88,0.83,0.05,TRUE
4,"GGAAGAGAGATTTTTAGTATTTGGA","CTAATGATTCTAATGTTTTTTGTCCT","CTYZ_00002715",0.88,0.8,0.08,TRUE
2,"CAAACGAAAAAAACATTCTGGAA","CGAGAATCGTAGGAATTGACTA","CTYZ_00002132",0.85,0.91,0.06,TRUE
6,"CAAACGAAAAAAACATTCTGGAA","CTAAAAGTTAGATGTTGACGAGAA","CTYZ_00002132",0.85,0.83,0.02,TRUE
7,"CAAACGAAAAAAACATTCTGGAA","AGAATCGTAGGAATTGACTAAATT","CTYZ_00002132",0.85,0.83,0.02,TRUE
9,"CAAACGAAAAAAACATTCTGGAA","TTACTAAAAGTTAGATGTTGACGA","CTYZ_00002132",0.85,0.79,0.06,TRUE
10,"CAAACGAAAAAAACATTCTGGAA","AATTACTAAAAGTTAGATGTTGACG","CTYZ_00002132",0.85,0.76,0.09,TRUE
1,"AAGCTTTGTGTAATTGTGCT","CCAACTCTTCTTCTGTGAATC","CTYZ_00002885",0.82,0.81,0.01,TRUE
2,"AAGCTTTGTGTAATTGTGCT","GCCAACTCTTCTTCTGTGA","CTYZ_00002885",0.82,0.87,0.05,TRUE
5,"AAGCTTTGTGTAATTGTGCT","GCCAACTCTTCTTCTGTGAA","CTYZ_00002885",0.82,0.89,0.07,TRUE
7,"AAGCTTTGTGTAATTGTGCT","CGCCAACTCTTCTTCTGT","CTYZ_00002885",0.82,0.8,0.02,TRUE
8,"TCCTGCATATACTGTGAAAAAC","TGAACTAGACAAACTGTTCGT","CTYZ_00002885",0.84,0.82,0.02,TRUE
3,"GAAGATACGAAAATTGGGGAG","TTGGAGAAATAATTGCTGATGAT","CTYZ_00000240",0.85,0.79,0.06,TRUE
5,"GAAGATACGAAAATTGGGGAG","ATAATTGCTGATGATCTACTTCC","CTYZ_00000240",0.85,0.82,0.03,TRUE
6,"GAAGATACGAAAATTGGGGAG","TGGAGAAATAATTGCTGATGATC","CTYZ_00000240",0.85,0.88,0.03,TRUE
7,"GAAGATACGAAAATTGGGGAG","GCACAAAAATAGTTTACCTGTTG","CTYZ_00000240",0.85,0.83,0.02,TRUE
9,"GAAGATACGAAAATTGGGGAG","AGAAATAATTGCTGATGATCTACTT","CTYZ_00000240",0.85,0.9,0.05,TRUE
1,"AGAAGAGAAAGAGAAGAGAAAGA","GAAAGTGAAGCAAGCATGT","CTYZ_00003983",0.85,0.81,0.04,TRUE
2,"AGAAGAGAAAGAGAAGAGAAAGA","AACCACTAGCCTGTTGTT","CTYZ_00003983",0.85,0.88,0.03,TRUE
3,"AGAAGAGAAAGAGAAGAGAAAGA","CAAGCATGTCTGAAATACCTT","CTYZ_00003983",0.85,0.84,0.01,TRUE
4,"AGAAGAGAAAGAGAAGAGAAAGA","GAGTAACAGTATCTGACACTGA","CTYZ_00003983",0.85,0.86,0.01,TRUE
7,"AGAAGAGAAAGAGAAGAGAAAGA","TCCTAACTCCATCCCAGT","CTYZ_00003983",0.85,0.78,0.07,TRUE
8,"AGAAGAGAAAGAGAAGAGAAAGA","AACTCCATCCCAGTCCTA","CTYZ_00003983",0.85,0.92,0.07,TRUE
9,"AGAAGAGAAAGAGAAGAGAAAGA","CCTGTTGTTGTGGAGTAACA","CTYZ_00003983",0.85,0.88,0.03,TRUE
10,"AGAAGAGAAAGAGAAGAGAAAGA","AAAGTGAAGCAAGCATGTC","CTYZ_00003983",0.85,0.89,0.04,TRUE
1,"AGACTATATCAATTTCCTTTCAAGT","AAACTATATCGTTAATGTAGCAAAAT","CTYZ_00001183",0.75,0.82,0.07,TRUE
2,"AGACTATATCAATTTCCTTTCAAGT","AAGTAACTCCAAAATCCCTAAAA","CTYZ_00001183",0.75,0.82,0.07,TRUE
4,"AGACTATATCAATTTCCTTTCAAGT","AGCATGATATTTAAGTAACTCCAAA","CTYZ_00001183",0.75,0.84,0.09,TRUE
5,"AGACTATATCAATTTCCTTTCAAGT","AAAACTATATCGTTAATGTAGCAAAA","CTYZ_00001183",0.75,0.84,0.09,TRUE
6,"AGACTATATCAATTTCCTTTCAAGT","CAAAATCCCTAAAACTATATCGTTAA","CTYZ_00001183",0.75,0.77,0.02,TRUE
8,"AGACTATATCAATTTCCTTTCAAGT","CCTCTACACCGTCTCCA","CTYZ_00001183",0.75,0.77,0.02,TRUE
9,"AGACTATATCAATTTCCTTTCAAGT","ATATTTAAGTAACTCCAAAATCCCT","CTYZ_00001183",0.75,0.84,0.09,TRUE
2,"CTCTTCAAAGGTGGAATATGAAA","TGACCATTTTTTACTTGATTTACTG","CTYZ_00001596",0.81,0.8,0.01,TRUE
3,"CTCTTCAAAGGTGGAATATGAAA","GCAAAAATATGACCATTTTTTACTT","CTYZ_00001596",0.81,0.77,0.04,TRUE
4,"CTCTTCAAAGGTGGAATATGAAA","AATTAGATCACTACCAAGAAGATAAA","CTYZ_00001596",0.81,0.85,0.04,TRUE
6,"TCTTTCAAATAAATCAGCAGGA","AACACTAAAATAATCTTCAATCTCTC","CTYZ_00001596",0.82,0.84,0.02,TRUE
7,"TCTTTCAAATAAATCAGCAGGA","GTGCTGTAGGACCTTTCTT","CTYZ_00001596",0.82,0.87,0.05,TRUE
9,"TCTTTCAAATAAATCAGCAGGA","CGTGCTGTAGGACCTTTC","CTYZ_00001596",0.82,0.89,0.07,TRUE
3,"GGAAGGAAAAATGTTGTTTTTTTAT","CTTTATGTTTGTCAATTAGTTCAGT","CTYZ_00002504",0.67,0.75,0.08,TRUE
6,"GGAAGGAAAAATGTTGTTTTTTTAT","ACATTTTTCTGGCCTGATTAA","CTYZ_00002504",0.67,0.76,0.09,TRUE
7,"GGAAGGAAAAATGTTGTTTTTTTAT","CGGAGAGAAGAGACTCTCT","CTYZ_00002504",0.67,0.63,0.04,TRUE
2,"AAGGAAGTAATAGTCGTCAAAC","AATTGTTTATAGTCAGCCATCC","CTYZ_00002131",0.83,0.87,0.04,TRUE
3,"AAGGAAGTAATAGTCGTCAAAC","TCCTTTAACTGAGCTAAACAAAC","CTYZ_00002131",0.83,0.91,0.08,TRUE
4,"AAGGAAGTAATAGTCGTCAAAC","AATTTTTTGAATTGTTTATAGTCAGC","CTYZ_00002131",0.83,0.83,0,TRUE
6,"AAGGAAGTAATAGTCGTCAAAC","CCTTTAACTGAGCTAAACAAACA","CTYZ_00002131",0.83,0.89,0.06,TRUE
7,"AAGGAAGTAATAGTCGTCAAAC","TCAATCTCCTTTAACTGAGCTAA","CTYZ_00002131",0.83,0.92,0.09,TRUE
8,"AAGGAAGTAATAGTCGTCAAAC","CAATCTCCTTTAACTGAGCTAAA","CTYZ_00002131",0.83,0.76,0.07,TRUE
9,"AAGGAAGTAATAGTCGTCAAAC","AGTCAGCCATCCCAACA","CTYZ_00002131",0.83,0.86,0.03,TRUE
10,"AAGGAAGTAATAGTCGTCAAAC","GTTTATAGTCAGCCATCCCA","CTYZ_00002131",0.83,0.82,0.01,TRUE
2,"TTCTTTGTTACTCCTTCAGATTC","ACTAATGGCTTTGTTGGGT","CTYZ_00002575",0.8,0.81,0.01,TRUE
3,"TTCTTTGTTACTCCTTCAGATTC","TTTGGATTCTTGTGGGCTA","CTYZ_00002575",0.8,0.89,0.09,TRUE
5,"TTCTTTGTTACTCCTTCAGATTC","GTTGGGTTTGGATTCTTGTG","CTYZ_00002575",0.8,0.86,0.06,TRUE
6,"TTCTTTGTTACTCCTTCAGATTC","TTGTTGGGTTTGGATTCTTG","CTYZ_00002575",0.8,0.78,0.02,TRUE
8,"TTCTTTGTTACTCCTTCAGATTC","GCCCATAATCCGTCCTT","CTYZ_00002575",0.8,0.81,0.01,TRUE
10,"TTCTTTGTTACTCCTTCAGATTC","CCTTTTCACGAATATGGTCG","CTYZ_00002575",0.8,0.78,0.02,TRUE
1,"AGAAGAAGAATCACCGCTT","TGGAAAAAAGTGCTTCAATTTTC","CTYZ_00003090",0.85,0.88,0.03,TRUE
2,"AGAAGAAGAATCACCGCTT","TTAAAAATGGAAAAAAGTGCTTCA","CTYZ_00003090",0.85,0.85,0,TRUE
3,"AGAAGAAGAATCACCGCTT","CAATTTTCTTCTCAATAACAACGTA","CTYZ_00003090",0.85,0.92,0.07,TRUE
4,"AGAAGAAGAATCACCGCTT","CAATTTTCTTCTCAATAACAACGT","CTYZ_00003090",0.85,0.81,0.04,TRUE
5,"AGAAGAAGAATCACCGCTT","TGCTTCAATTTTCTTCTCAATAAC","CTYZ_00003090",0.85,0.77,0.08,TRUE
7,"AGAAGAAGAATCACCGCTT","TCAATTTTCTTCTCAATAACAACG","CTYZ_00003090",0.85,0.84,0.01,TRUE
8,"AGAAGAAGAATCACCGCTT","GCTTCAATTTTCTTCTCAATAACA","CTYZ_00003090",0.85,0.77,0.08,TRUE
9,"AGAAGAAGAATCACCGCTT","CAATTTTCTTCTCAATAACAACGTAT","CTYZ_00003090",0.85,0.92,0.07,TRUE
10,"AGAAGAAGAATCACCGCTT","TTATTAAAAATGGAAAAAAGTGCTTC","CTYZ_00003090",0.85,0.85,0,TRUE
3,"AACTCTCAGAAATGTCCAGA","CTCTCCTTGTTTCCTACGAT","CTYZ_00002382",0.82,0.75,0.07,TRUE
4,"AACTCTCAGAAATGTCCAGA","TTCCTACGATATTCTTCCTCTT","CTYZ_00002382",0.82,0.81,0.01,TRUE
6,"AACTCTCAGAAATGTCCAGA","CGAATATTTGTTTAGCTTCAGCA","CTYZ_00002382",0.82,0.9,0.08,TRUE
10,"AACTCTCAGAAATGTCCAGA","CTCTCCTTGTTTCCTACGA","CTYZ_00002382",0.82,0.73,0.09,TRUE
2,"ATTTAGAAAGTTTTTCACTCAAGTT","TCTATTTGAAATATATCACTGTTTGG","CTYZ_00000005",0.73,0.77,0.04,TRUE
3,"ATTTAGAAAGTTTTTCACTCAAGTT","TTTGAAATATATCACTGTTTGGTAC","CTYZ_00000005",0.73,0.67,0.06,TRUE
5,"ATTTAGAAAGTTTTTCACTCAAGTT","TCACTGTTTGGTACGCC","CTYZ_00000005",0.73,0.81,0.08,TRUE
8,"CGAAGTACGTTTTAGAGTGATAA","GAACCCGAAAAAATTTGTAACA","CTYZ_00000005",0.77,0.78,0.01,TRUE
9,"CGAAGTACGTTTTAGAGTGATAA","CAACAGTTTTAATAGAACCCGA","CTYZ_00000005",0.77,0.85,0.08,TRUE
2,"CCTACCTTACAACCTTAACTTC","GTTGTAAACACCAAACAAAAATG","CTYZ_00001008",0.77,0.68,0.09,TRUE
4,"CCTACCTTACAACCTTAACTTC","CAAACAAAAATGGATCCAGTTT","CTYZ_00001008",0.77,0.83,0.06,TRUE
7,"CCTACCTTACAACCTTAACTTC","CTTCTGAATCTATTATGCTCCAA","CTYZ_00001008",0.77,0.73,0.04,TRUE
8,"CCTACCTTACAACCTTAACTTC","TGTAAACACCAAACAAAAATGG","CTYZ_00001008",0.77,0.74,0.03,TRUE
10,"CCTACCTTACAACCTTAACTTC","CTCCAAACTCTCCCCAAT","CTYZ_00001008",0.77,0.68,0.09,TRUE
5,"TTCAGTACTTACCAATTACTATGTT","ATCCAAATCATTAGAGCTTGAG","CTYZ_00002119",0.82,0.73,0.09,TRUE
6,"TTCAGTACTTACCAATTACTATGTT","GCTTGAGAAAGGAGCAGAAT","CTYZ_00002119",0.82,0.87,0.05,TRUE
7,"TTCAGTACTTACCAATTACTATGTT","GAATCATAAGAATATGGAGCTGA","CTYZ_00002119",0.82,0.82,0,TRUE
2,"TCCTTGAGAATAACTTATTTGAAGT","TCCTTTGATGATTCTGTTCCT","CTYZ_00001494",0.77,0.86,0.09,TRUE
4,"TCCTTGAGAATAACTTATTTGAAGT","TGAGACATTCCCATTTGAATTT","CTYZ_00001494",0.77,0.83,0.06,TRUE
5,"TCCTTGAGAATAACTTATTTGAAGT","CAAAATTCCTTCTTCTAGATGGA","CTYZ_00001494",0.77,0.75,0.02,TRUE
6,"TCCTTGAGAATAACTTATTTGAAGT","GTTAAATCTTCCAAGCTCTACTAG","CTYZ_00001494",0.77,0.8,0.03,TRUE
7,"TCCTTGAGAATAACTTATTTGAAGT","TTATTATAATGAGACATTCCCATTTG","CTYZ_00001494",0.77,0.71,0.06,TRUE
8,"TCCTTGAGAATAACTTATTTGAAGT","GTCATTCCTTTGATGATTCTGT","CTYZ_00001494",0.77,0.78,0.01,TRUE
9,"TCCTTGAGAATAACTTATTTGAAGT","ATTTGAATTTGGTCATTCCTTTG","CTYZ_00001494",0.77,0.72,0.05,TRUE
10,"TCCTTGAGAATAACTTATTTGAAGT","AGTCACTCCTTTATTATAATGAGAC","CTYZ_00001494",0.77,0.74,0.03,TRUE
1,"TCATTTAAACCAATTTCCAATTCAA","GTCAAATCATTATTATCCATGTACTT","CTYZ_00001197",0.83,0.83,0,TRUE
2,"TCATTTAAACCAATTTCCAATTCAA","CTGTCAAATCATTATTATCCATGTAC","CTYZ_00001197",0.83,0.81,0.02,TRUE
3,"TCATTTAAACCAATTTCCAATTCAA","TCTATTCTACATTGACAAGAACTAAT","CTYZ_00001197",0.83,0.83,0,TRUE
4,"AGGTACGGTTTCTTATGACG","CGAGATAGCAAGAGAATTATCAAT","CTYZ_00001197",0.84,0.83,0.01,TRUE
6,"AGGTACGGTTTCTTATGACG","TTTTCCAAATCCATATCCTGAATA","CTYZ_00001197",0.84,0.87,0.03,TRUE
7,"AGGTACGGTTTCTTATGACG","GAGATAGCAAGAGAATTATCAATTAC","CTYZ_00001197",0.84,0.79,0.05,TRUE
8,"AGGTACGGTTTCTTATGACG","ACTTCACTTGGATTAAATAAAGATTC","CTYZ_00001197",0.84,0.82,0.02,TRUE
9,"AGGTACGGTTTCTTATGACG","AATATCAATGTTTTCCAAATCCATAT","CTYZ_00001197",0.84,0.9,0.06,TRUE
10,"AGGTACGGTTTCTTATGACG","GTTTTCCAAATCCATATCCTGA","CTYZ_00001197",0.84,0.81,0.03,TRUE
4,"TTTAACTTCAAAGTTCACACCA","GTTATCGTAGAGTTTGCCTG","CTYZ_00002884",0.59,0.63,0.04,TRUE
1,"ACCAAGACAATCTAATCTCAAAG","GCTATTTTATTCACCTCTGAAATAAG","CTYZ_00002553",0.75,0.82,0.07,TRUE
2,"ACCAAGACAATCTAATCTCAAAG","TTTCCAAATTACATGGCTCAA","CTYZ_00002553",0.75,0.69,0.06,TRUE
3,"ACCAAGACAATCTAATCTCAAAG","ATTTTATTCACCTCTGAAATAAGTG","CTYZ_00002553",0.75,0.66,0.09,TRUE
4,"ACCAAGACAATCTAATCTCAAAG","TGCTATTTTATTCACCTCTGAAAT","CTYZ_00002553",0.75,0.79,0.04,TRUE
5,"ACCAAGACAATCTAATCTCAAAG","TTGCTATTTTATTCACCTCTGAA","CTYZ_00002553",0.75,0.7,0.05,TRUE
6,"ACCAAGACAATCTAATCTCAAAG","TGCTATTTTATTCACCTCTGAAA","CTYZ_00002553",0.75,0.7,0.05,TRUE
7,"ACCAAGACAATCTAATCTCAAAG","GTGTTTCCAAATTACATGGCT","CTYZ_00002553",0.75,0.82,0.07,TRUE
8,"ACCAAGACAATCTAATCTCAAAG","CTGAAATAAGTGTTTCCAAATTACA","CTYZ_00002553",0.75,0.76,0.01,TRUE
9,"ACCAAGACAATCTAATCTCAAAG","CTCCATTCTAACAAGAGAATAATTC","CTYZ_00002553",0.75,0.68,0.07,TRUE
1,"GCTTCCAAAATCAAGAAGCAA","TTCCATCTTATATTTGTAGCTCTC","CTYZ_00003373",0.74,0.79,0.05,TRUE
4,"GCTTCCAAAATCAAGAAGCAA","CTCAACCAAATTAGAGGCAG","CTYZ_00003373",0.74,0.73,0.01,TRUE
5,"GCTTCCAAAATCAAGAAGCAA","CCAATTCCATCTTATATTTGTAGC","CTYZ_00003373",0.74,0.7,0.04,TRUE
6,"TCTGGGATATTTCTGTCGG","GTAATTGTCCAATACATGAAATCTG","CTYZ_00003373",0.77,0.81,0.04,TRUE
7,"TCTGGGATATTTCTGTCGG","GGTCAACAATAAATCTAAATTGTGT","CTYZ_00003373",0.77,0.75,0.02,TRUE
10,"CAGAAGCTACAAAGGAATACTT","CTATTTCTGTAGCATCTTCATCAT","CTYZ_00003373",0.79,0.82,0.03,TRUE
