"","X","pair","forward_primer","reverse_primer","GeneID","Fwd_Eff","Rev_Eff","deltaEff","Vis_PASS_Fwd","Vis_PASS_Rev"
"1",1,5,"TTCCTTCACACTTGGGAATA","AAACATTGTGTGATGTCATGA","CTYZ_00000998",0.85,0.85,0,TRUE,TRUE
"2",2,6,"TTCCTTCACACTTGGGAATA","TGAACATGAACTCCGCAC","CTYZ_00000998",0.85,0.86,0.01,TRUE,TRUE
"3",7,9,"GACAATTCACTCAGTTAAAGTTTTAT","GCAGATTTCTCAAGATCTTCTC","CTYZ_00000194",0.91,0.82,0.09,TRUE,TRUE
"4",10,8,"AAGGCGAGAGATATTCTTACA","TGTGTCATATAAAGTTCCCGT","CTYZ_00001006",0.78,0.82,0.04,TRUE,TRUE
"5",11,4,"GCAGAAAGTTCAATAATCAGGAA","GCCAGAAAGAATATCACTCCA","CTYZ_00001005",0.87,0.89,0.02,TRUE,TRUE
"6",13,8,"GCAGAAAGTTCAATAATCAGGAA","GCTCTTTCTATTCTTTGTAATTGGA","CTYZ_00001005",0.87,0.94,0.07,TRUE,TRUE
"7",19,1,"AGGCAAGTAACTGGAAAAATG","CCAATAATATTTGTTGAGCATCCT","CTYZ_00000992",0.82,0.9,0.08,TRUE,TRUE
"8",21,5,"AGGCAAGTAACTGGAAAAATG","ATATTTGTTGAGCATCCTGAAA","CTYZ_00000992",0.82,0.81,0.01,TRUE,TRUE
"9",22,6,"AGGCAAGTAACTGGAAAAATG","GAGCATCCTGAAAAATGTTGA","CTYZ_00000992",0.82,0.9,0.08,TRUE,TRUE
"10",23,8,"AGGCAAGTAACTGGAAAAATG","TCCTGAAAAATGTTGATTAAAGTTT","CTYZ_00000992",0.82,0.91,0.09,TRUE,TRUE
"11",24,9,"AGGCAAGTAACTGGAAAAATG","TGTTGAGCATCCTGAAAAATG","CTYZ_00000992",0.82,0.84,0.02,TRUE,TRUE
"12",25,10,"AGGCAAGTAACTGGAAAAATG","CCTGAAAAATGTTGATTAAAGTTTTT","CTYZ_00000992",0.82,0.87,0.05,TRUE,TRUE
"13",35,2,"CCCATCTATTAAGCAACTAAAATATT","AACTTTCCATATCTAGCAAATAATTT","CTYZ_00000007",0.84,0.88,0.04,TRUE,TRUE
"14",36,3,"CCCATCTATTAAGCAACTAAAATATT","AAACTTTCCATATCTAGCAAATAATT","CTYZ_00000007",0.84,0.88,0.04,TRUE,TRUE
"15",37,6,"CCCATCTATTAAGCAACTAAAATATT","GGTCTCATGTCTTTTTCCGT","CTYZ_00000007",0.84,0.91,0.07,TRUE,TRUE
"16",38,7,"CCCATCTATTAAGCAACTAAAATATT","GATCTCCATCTTTTTCACAAGT","CTYZ_00000007",0.84,0.82,0.02,TRUE,TRUE
"17",39,8,"CCCATCTATTAAGCAACTAAAATATT","ACAGCCAAACTTTCCATATCT","CTYZ_00000007",0.84,0.85,0.01,TRUE,TRUE
"18",40,9,"CCCATCTATTAAGCAACTAAAATATT","GCAAATAATTTTGTCAAATCAGCT","CTYZ_00000007",0.84,0.88,0.04,TRUE,TRUE
"19",43,10,"AGTAAAGTTCATAAATCAAAACCTG","TGATCTGCTAAAAGAACGTCT","CTYZ_00001002",0.75,0.84,0.09,TRUE,TRUE
"20",44,1,"TCAAAAATTTATGAGAAATCCACTC","TCAATACCTCTTCCCCATAAAT","CTYZ_00001004",0.85,0.85,0,TRUE,TRUE
"21",45,2,"TCAAAAATTTATGAGAAATCCACTC","CCCATAAATCTGTTGTAATTAAAACT","CTYZ_00001004",0.85,0.81,0.04,TRUE,TRUE
"22",46,3,"TCAAAAATTTATGAGAAATCCACTC","AATCTGTTGTAATTAAAACTCGTG","CTYZ_00001004",0.85,0.85,0,TRUE,TRUE
"23",47,5,"TCAAAAATTTATGAGAAATCCACTC","TCCCCATAAATCTGTTGTAATTAA","CTYZ_00001004",0.85,0.85,0,TRUE,TRUE
"24",48,6,"TCAAAAATTTATGAGAAATCCACTC","TTCCCCATAAATCTGTTGTAATTA","CTYZ_00001004",0.85,0.88,0.03,TRUE,TRUE
"25",49,9,"TCAAAAATTTATGAGAAATCCACTC","TTCCCCATAAATCTGTTGTAATT","CTYZ_00001004",0.85,0.84,0.01,TRUE,TRUE
"26",50,3,"AAGAGGTACAAAATGTTTCCG","TTCAAGAATTGATGCTTCGTATA","CTYZ_00002714",0.85,0.82,0.03,TRUE,TRUE
"27",51,4,"AAGAGGTACAAAATGTTTCCG","TGATGCTTCGTATATTGAATTTAATT","CTYZ_00002714",0.85,0.87,0.02,TRUE,TRUE
"28",52,5,"AAGAGGTACAAAATGTTTCCG","ATAGAAAAGAATAGGTTGTCATAAGA","CTYZ_00002714",0.85,0.88,0.03,TRUE,TRUE
"29",53,9,"AAGAGGTACAAAATGTTTCCG","AAAAGAATAGGTTGTCATAAGAGT","CTYZ_00002714",0.85,0.82,0.03,TRUE,TRUE
"30",56,5,"ACAAGAGGACAAAGAAAAAGAA","GTTGAAGAACATCCTTGTAAAATT","CTYZ_00001598",0.74,0.8,0.06,TRUE,TRUE
"31",62,5,"TGCTTTCATTGCTTTCTTCC","TCAGTATCAAGGAAAACAAAGG","CTYZ_00001187",0.81,0.84,0.03,TRUE,TRUE
"32",64,2,"AACAAGACAGAAATAGAAGTCAATA","GGAAGTTTGATTTTCTTGGAAATG","CTYZ_00001495",0.95,0.88,0.07,TRUE,TRUE
"33",65,6,"AACAAGACAGAAATAGAAGTCAATA","AGTTTGATTTTCTTGGAAATGTTTAA","CTYZ_00001495",0.95,0.88,0.07,TRUE,TRUE
"34",66,4,"AGTTTATTAAACAAGATCCTGCTA","ATATCCACCACTCTTCATACTT","CTYZ_00000997",0.85,0.91,0.06,TRUE,TRUE
"35",67,5,"AGTTTATTAAACAAGATCCTGCTA","ATCCGATGATTTGGGGATT","CTYZ_00000997",0.85,0.82,0.03,TRUE,TRUE
"36",68,6,"AGTTTATTAAACAAGATCCTGCTA","GTTAGAAGAACAACGCGTATA","CTYZ_00000997",0.85,0.82,0.03,TRUE,TRUE
"37",69,7,"AGTTTATTAAACAAGATCCTGCTA","CCACCACTCTTCATACTTTGT","CTYZ_00000997",0.85,0.87,0.02,TRUE,TRUE
"38",70,10,"AGTTTATTAAACAAGATCCTGCTA","TCTTTACATCTACTATCTTTTCGTT","CTYZ_00000997",0.85,0.88,0.03,TRUE,TRUE
"39",71,2,"GCAAGTTTGCTGTTTTTGTTTTT","TGGAGATGTTAAAATGACCTTTC","CTYZ_00003977",0.95,0.87,0.08,TRUE,TRUE
"40",72,6,"GCAAGTTTGCTGTTTTTGTTTTT","CTGGAGATGTTAAAATGACCTTT","CTYZ_00003977",0.95,0.91,0.04,TRUE,TRUE
"41",75,2,"TTCCAAAAGAGTAGTATTTCCAAA","CAGTTGATTCCATTATTGACTGT","CTYZ_00002543",0.77,0.84,0.07,TRUE,TRUE
"42",76,3,"TTCCAAAAGAGTAGTATTTCCAAA","TGGATCTGTAATGCAATATCTCT","CTYZ_00002543",0.77,0.83,0.06,TRUE,TRUE
"43",77,5,"TTCCAAAAGAGTAGTATTTCCAAA","TGTTGTACTTTTAAATCTGTAATGTT","CTYZ_00002543",0.77,0.84,0.07,TRUE,TRUE
"44",78,6,"TTCCAAAAGAGTAGTATTTCCAAA","AAATCTGTAATGTTTCTCTGCA","CTYZ_00002543",0.77,0.84,0.07,TRUE,TRUE
"45",79,7,"TTCCAAAAGAGTAGTATTTCCAAA","GTAATGTTTCTCTGCAGCTC","CTYZ_00002543",0.77,0.83,0.06,TRUE,TRUE
"46",86,2,"CCCGGAAAAAAAGTCTTTAGTA","AGGTTTCTGACCCTCCTT","CTYZ_00001186",0.89,0.81,0.08,TRUE,TRUE
"47",87,6,"CCCGGAAAAAAAGTCTTTAGTA","CGTCTTTACTGCCTTTGTAAAC","CTYZ_00001186",0.89,0.92,0.03,TRUE,TRUE
"48",88,7,"CCCGGAAAAAAAGTCTTTAGTA","GACCCTCCTTATTAATCTTTTGTA","CTYZ_00001186",0.89,0.91,0.02,TRUE,TRUE
"49",89,8,"CCCGGAAAAAAAGTCTTTAGTA","CCCTCCTTATTAATCTTTTGTAAGA","CTYZ_00001186",0.89,0.84,0.05,TRUE,TRUE
"50",90,9,"CCCGGAAAAAAAGTCTTTAGTA","AGTTTTGGCTTTGGTCTTTG","CTYZ_00001186",0.89,0.83,0.06,TRUE,TRUE
"51",91,10,"CCCGGAAAAAAAGTCTTTAGTA","GTTTTGGCTTTGGTCTTTGA","CTYZ_00001186",0.89,0.89,0,TRUE,TRUE
"52",99,1,"AAGCTTTGTGTAATTGTGCT","CCAACTCTTCTTCTGTGAATC","CTYZ_00002885",0.82,0.81,0.01,TRUE,TRUE
"53",100,2,"AAGCTTTGTGTAATTGTGCT","GCCAACTCTTCTTCTGTGA","CTYZ_00002885",0.82,0.87,0.05,TRUE,TRUE
"54",101,5,"AAGCTTTGTGTAATTGTGCT","GCCAACTCTTCTTCTGTGAA","CTYZ_00002885",0.82,0.89,0.07,TRUE,TRUE
"55",102,7,"AAGCTTTGTGTAATTGTGCT","CGCCAACTCTTCTTCTGT","CTYZ_00002885",0.82,0.8,0.02,TRUE,TRUE
"56",108,1,"AGAAGAGAAAGAGAAGAGAAAGA","GAAAGTGAAGCAAGCATGT","CTYZ_00003983",0.85,0.81,0.04,TRUE,TRUE
"57",109,2,"AGAAGAGAAAGAGAAGAGAAAGA","AACCACTAGCCTGTTGTT","CTYZ_00003983",0.85,0.88,0.03,TRUE,TRUE
"58",110,3,"AGAAGAGAAAGAGAAGAGAAAGA","CAAGCATGTCTGAAATACCTT","CTYZ_00003983",0.85,0.84,0.01,TRUE,TRUE
"59",111,4,"AGAAGAGAAAGAGAAGAGAAAGA","GAGTAACAGTATCTGACACTGA","CTYZ_00003983",0.85,0.86,0.01,TRUE,TRUE
"60",112,8,"AGAAGAGAAAGAGAAGAGAAAGA","AACTCCATCCCAGTCCTA","CTYZ_00003983",0.85,0.92,0.07,TRUE,TRUE
"61",113,9,"AGAAGAGAAAGAGAAGAGAAAGA","CCTGTTGTTGTGGAGTAACA","CTYZ_00003983",0.85,0.88,0.03,TRUE,TRUE
"62",114,10,"AGAAGAGAAAGAGAAGAGAAAGA","AAAGTGAAGCAAGCATGTC","CTYZ_00003983",0.85,0.89,0.04,TRUE,TRUE
"63",116,2,"AGACTATATCAATTTCCTTTCAAGT","AAGTAACTCCAAAATCCCTAAAA","CTYZ_00001183",0.75,0.82,0.07,TRUE,TRUE
"64",117,4,"AGACTATATCAATTTCCTTTCAAGT","AGCATGATATTTAAGTAACTCCAAA","CTYZ_00001183",0.75,0.84,0.09,TRUE,TRUE
"65",119,9,"AGACTATATCAATTTCCTTTCAAGT","ATATTTAAGTAACTCCAAAATCCCT","CTYZ_00001183",0.75,0.84,0.09,TRUE,TRUE
"66",122,6,"TCTTTCAAATAAATCAGCAGGA","AACACTAAAATAATCTTCAATCTCTC","CTYZ_00001596",0.82,0.84,0.02,TRUE,TRUE
"67",123,7,"TCTTTCAAATAAATCAGCAGGA","GTGCTGTAGGACCTTTCTT","CTYZ_00001596",0.82,0.87,0.05,TRUE,TRUE
"68",124,9,"TCTTTCAAATAAATCAGCAGGA","CGTGCTGTAGGACCTTTC","CTYZ_00001596",0.82,0.89,0.07,TRUE,TRUE
"69",136,1,"AGAAGAAGAATCACCGCTT","TGGAAAAAAGTGCTTCAATTTTC","CTYZ_00003090",0.85,0.88,0.03,TRUE,TRUE
"70",137,2,"AGAAGAAGAATCACCGCTT","TTAAAAATGGAAAAAAGTGCTTCA","CTYZ_00003090",0.85,0.85,0,TRUE,TRUE
"71",138,3,"AGAAGAAGAATCACCGCTT","CAATTTTCTTCTCAATAACAACGTA","CTYZ_00003090",0.85,0.92,0.07,TRUE,TRUE
"72",139,4,"AGAAGAAGAATCACCGCTT","CAATTTTCTTCTCAATAACAACGT","CTYZ_00003090",0.85,0.81,0.04,TRUE,TRUE
"73",140,7,"AGAAGAAGAATCACCGCTT","TCAATTTTCTTCTCAATAACAACG","CTYZ_00003090",0.85,0.84,0.01,TRUE,TRUE
"74",141,9,"AGAAGAAGAATCACCGCTT","CAATTTTCTTCTCAATAACAACGTAT","CTYZ_00003090",0.85,0.92,0.07,TRUE,TRUE
"75",142,10,"AGAAGAAGAATCACCGCTT","TTATTAAAAATGGAAAAAAGTGCTTC","CTYZ_00003090",0.85,0.85,0,TRUE,TRUE
"76",143,4,"AACTCTCAGAAATGTCCAGA","TTCCTACGATATTCTTCCTCTT","CTYZ_00002382",0.82,0.81,0.01,TRUE,TRUE
"77",144,6,"AACTCTCAGAAATGTCCAGA","CGAATATTTGTTTAGCTTCAGCA","CTYZ_00002382",0.82,0.9,0.08,TRUE,TRUE
"78",147,4,"CCTACCTTACAACCTTAACTTC","CAAACAAAAATGGATCCAGTTT","CTYZ_00001008",0.77,0.83,0.06,TRUE,TRUE
"79",148,6,"TTCAGTACTTACCAATTACTATGTT","GCTTGAGAAAGGAGCAGAAT","CTYZ_00002119",0.82,0.87,0.05,TRUE,TRUE
"80",149,7,"TTCAGTACTTACCAATTACTATGTT","GAATCATAAGAATATGGAGCTGA","CTYZ_00002119",0.82,0.82,0,TRUE,TRUE
"81",153,1,"TCATTTAAACCAATTTCCAATTCAA","GTCAAATCATTATTATCCATGTACTT","CTYZ_00001197",0.83,0.83,0,TRUE,TRUE
"82",154,2,"TCATTTAAACCAATTTCCAATTCAA","CTGTCAAATCATTATTATCCATGTAC","CTYZ_00001197",0.83,0.81,0.02,TRUE,TRUE
"83",155,3,"TCATTTAAACCAATTTCCAATTCAA","TCTATTCTACATTGACAAGAACTAAT","CTYZ_00001197",0.83,0.83,0,TRUE,TRUE
"84",161,1,"ACCAAGACAATCTAATCTCAAAG","GCTATTTTATTCACCTCTGAAATAAG","CTYZ_00002553",0.75,0.82,0.07,TRUE,TRUE
"85",162,7,"ACCAAGACAATCTAATCTCAAAG","GTGTTTCCAAATTACATGGCT","CTYZ_00002553",0.75,0.82,0.07,TRUE,TRUE
"86",164,10,"CAGAAGCTACAAAGGAATACTT","CTATTTCTGTAGCATCTTCATCAT","CTYZ_00003373",0.79,0.82,0.03,TRUE,TRUE
