"","pair","GeneID","forward_primer","reverse_primer","Product_bp","Start_Pos","End_Pos","Fwd_Eff","Rev_Eff","deltaEff","origin","Vis_PASS_Fwd","Vis_PASS_Rev","SMS_PASS_Fwd","SMS_PASS_Rev","MPA_PASS_CrossDimer","BLAST_SPECIFICITY_PASS","BLAST_MUS_PASS"
"1",6,"CTYZ_00000998","TTCCTTCACACTTGGGAATA","TGAACATGAACTCCGCAC",283,886899,887181,0.85,0.86,0.01,"cnd_minusIndels",TRUE,TRUE,TRUE,TRUE,TRUE,TRUE,TRUE
"2",4,"CTYZ_00001005","GCAGAAAGTTCAATAATCAGGAA","GCCAGAAAGAATATCACTCCA",264,896116,895853,0.87,0.89,0.02,"cnd_minusIndels",TRUE,TRUE,TRUE,TRUE,TRUE,TRUE,TRUE
"3",8,"CTYZ_00001005","GCAGAAAGTTCAATAATCAGGAA","GCTCTTTCTATTCTTTGTAATTGGA",297,896116,895820,0.87,0.94,0.07,"cnd_minusIndels",TRUE,TRUE,TRUE,TRUE,TRUE,TRUE,TRUE
"4",10,"CTYZ_00001002","AGTAAAGTTCATAAATCAAAACCTG","TGATCTGCTAAAAGAACGTCT",312,892463,892774,0.75,0.84,0.09,"cnd_minusIndels",TRUE,TRUE,TRUE,TRUE,TRUE,TRUE,TRUE
"5",3,"CTYZ_00002714","AAGAGGTACAAAATGTTTCCG","TTCAAGAATTGATGCTTCGTATA",314,21887,22200,0.85,0.82,0.03,"cnd_minusIndels",TRUE,TRUE,TRUE,TRUE,TRUE,TRUE,TRUE
"6",5,"CTYZ_00002714","AAGAGGTACAAAATGTTTCCG","ATAGAAAAGAATAGGTTGTCATAAGA",255,21887,22141,0.85,0.88,0.03,"cnd_minusIndels",TRUE,TRUE,TRUE,TRUE,TRUE,TRUE,TRUE
"7",9,"CTYZ_00002714","AAGAGGTACAAAATGTTTCCG","AAAAGAATAGGTTGTCATAAGAGT",251,21887,22137,0.85,0.82,0.03,"cnd_minusIndels",TRUE,TRUE,TRUE,TRUE,TRUE,TRUE,TRUE
"8",2,"CTYZ_00002543","TTCCAAAAGAGTAGTATTTCCAAA","CAGTTGATTCCATTATTGACTGT",323,595832,595510,0.77,0.84,0.07,"cnd_minusIndels",TRUE,TRUE,TRUE,TRUE,TRUE,TRUE,TRUE
"9",3,"CTYZ_00002543","TTCCAAAAGAGTAGTATTTCCAAA","TGGATCTGTAATGCAATATCTCT",348,595832,595485,0.77,0.83,0.06,"cnd_minusIndels",TRUE,TRUE,TRUE,TRUE,TRUE,TRUE,TRUE
"10",5,"CTYZ_00002543","TTCCAAAAGAGTAGTATTTCCAAA","TGTTGTACTTTTAAATCTGTAATGTT",303,595832,595530,0.77,0.84,0.07,"cnd_minusIndels",TRUE,TRUE,TRUE,TRUE,TRUE,TRUE,TRUE
"11",7,"CTYZ_00002543","TTCCAAAAGAGTAGTATTTCCAAA","GTAATGTTTCTCTGCAGCTC",285,595832,595548,0.77,0.83,0.06,"cnd_minusIndels",TRUE,TRUE,TRUE,TRUE,TRUE,TRUE,TRUE
"12",6,"CTYZ_00001596","TCTTTCAAATAAATCAGCAGGA","AACACTAAAATAATCTTCAATCTCTC",324,909871,910194,0.82,0.84,0.02,"cnd_minusIndels",TRUE,TRUE,TRUE,TRUE,TRUE,TRUE,TRUE
"13",9,"CTYZ_00001596","TCTTTCAAATAAATCAGCAGGA","CGTGCTGTAGGACCTTTC",290,909871,910160,0.82,0.89,0.07,"cnd_minusIndels",TRUE,TRUE,TRUE,TRUE,TRUE,TRUE,TRUE
"14",4,"CTYZ_00002382","AACTCTCAGAAATGTCCAGA","TTCCTACGATATTCTTCCTCTT",287,304360,304646,0.82,0.81,0.01,"cnd_minusIndels",TRUE,TRUE,TRUE,TRUE,TRUE,TRUE,TRUE
"15",1,"CTYZ_00002553","ACCAAGACAATCTAATCTCAAAG","GCTATTTTATTCACCTCTGAAATAAG",309,621598,621906,0.75,0.82,0.07,"cnd_minusIndels",TRUE,TRUE,TRUE,TRUE,TRUE,TRUE,TRUE
"16",7,"CTYZ_00002553","ACCAAGACAATCTAATCTCAAAG","GTGTTTCCAAATTACATGGCT",284,621598,621881,0.75,0.82,0.07,"cnd_minusIndels",TRUE,TRUE,TRUE,TRUE,TRUE,TRUE,TRUE
"17",2,"CTYZ_00001064","TTTTATTTATTTTGGAAGTCTTGCTA","CCCAATACAACCTCCTGTC",292,1013600,1013309,0.86,0.85,0.01,"cnd_plusIndels",TRUE,TRUE,TRUE,TRUE,TRUE,TRUE,TRUE
"18",4,"CTYZ_00000245","AGCATCATCAAAACAACTATTATC","CAATAAAATGAATGTATCTCATACCG",252,580549,580298,0.76,0.81,0.05,"cnd_plusIndels",TRUE,TRUE,TRUE,TRUE,TRUE,TRUE,TRUE
"19",10,"CTYZ_00000245","TCATATTGGACATTATTCTGGTATT","CCATTGAAGTAATAAAAGGAATTGTA",311,581539,581229,0.9,0.88,0.02,"cnd_plusIndels",TRUE,TRUE,TRUE,TRUE,TRUE,TRUE,TRUE
"20",8,"CTYZ_00003061","GCTTCCATTTGCGGTCT","CGACTTGTACTCATATTAATCAAGG",290,829102,828813,0.82,0.91,0.09,"cnd_plusIndels",TRUE,TRUE,TRUE,TRUE,TRUE,TRUE,TRUE
"21",2,"CTYZ_00002204","CCTATGGCATTGGTAAAAGAAG","TTTGAAGAATTTCCTTTGTTTCTT",319,1018656,1018974,0.87,0.8,0.07,"CANDIDATES",TRUE,TRUE,TRUE,TRUE,TRUE,TRUE,TRUE
"22",3,"CTYZ_00002204","CCTATGGCATTGGTAAAAGAAG","GATGGAATAATTTGAAGAATTTCCTT",329,1018656,1018984,0.87,0.92,0.05,"CANDIDATES",TRUE,TRUE,TRUE,TRUE,TRUE,TRUE,TRUE
"23",9,"CTYZ_00002204","CCTATGGCATTGGTAAAAGAAG","TGGAATAATTTGAAGAATTTCCTTTG",327,1018656,1018982,0.87,0.86,0.01,"CANDIDATES",TRUE,TRUE,TRUE,TRUE,TRUE,TRUE,TRUE
"24",2,"CTYZ_00001679","GACTCATTAATACTCGTCAATTCT","ACTTTTGTAAACCAAACCAACTA",257,1115804,1116060,0.85,0.91,0.06,"CANDIDATES",TRUE,TRUE,TRUE,TRUE,TRUE,TRUE,TRUE
"25",3,"CTYZ_00001679","GACTCATTAATACTCGTCAATTCT","CTTTGACTTTGAGATAACTTTTGTAA",273,1115804,1116076,0.85,0.83,0.02,"CANDIDATES",TRUE,TRUE,TRUE,TRUE,TRUE,TRUE,TRUE
"26",6,"CTYZ_00001679","GACTCATTAATACTCGTCAATTCT","AGATAACTTTTGTAAACCAAACCA",262,1115804,1116065,0.85,0.82,0.03,"CANDIDATES",TRUE,TRUE,TRUE,TRUE,TRUE,TRUE,TRUE
"27",4,"CTYZ_00002872","AGAGAAGATCATGAAGAAAATGTC","CGAGGTACTCAGCCAGTT",337,422544,422208,0.88,0.88,0,"CANDIDATES",TRUE,TRUE,TRUE,TRUE,TRUE,TRUE,TRUE
"28",3,"CTYZ_00003311","TTGCTGAGAGAACTTTGGTA","CTCTGATATTACGTTCAAACCTT",251,339081,338831,0.88,0.88,0,"CANDIDATES",TRUE,TRUE,TRUE,TRUE,TRUE,TRUE,TRUE
"29",7,"CTYZ_00003311","TTGCTGAGAGAACTTTGGTA","GAAACTCTGATATTACGTTCAAAC",255,339081,338827,0.88,0.82,0.06,"CANDIDATES",TRUE,TRUE,TRUE,TRUE,TRUE,TRUE,TRUE
"30",9,"CTYZ_00002912","AGAAATTATTATCAAGGGAAATCTCA","TGATTAAAAGAGTCAAGATAGCTG",291,509960,510250,0.8,0.81,0.01,"CANDIDATES",TRUE,TRUE,TRUE,TRUE,TRUE,TRUE,TRUE
"31",2,"CTYZ_00001018","GGGTTTATCAAAGTTGTTTTCAAT","TCTTTTAGAACTGACTCTCCTT",339,919241,918903,0.79,0.88,0.09,"CANDIDATES",TRUE,TRUE,TRUE,TRUE,TRUE,TRUE,TRUE
"32",8,"CTYZ_00001018","GGGTTTATCAAAGTTGTTTTCAAT","TGACGAGTCTTTTAGAACTGA",346,919241,918896,0.79,0.81,0.02,"CANDIDATES",TRUE,TRUE,TRUE,TRUE,TRUE,TRUE,TRUE
"33",7,"CTYZ_00001108","CCTATTCAAATGATCCAGCCT","AAATATGATCCTCGGAATTTAGTAT",258,1102810,1102553,0.9,0.89,0.01,"CANDIDATES",TRUE,TRUE,TRUE,TRUE,TRUE,TRUE,TRUE
"34",8,"CTYZ_00001108","CCTATTCAAATGATCCAGCCT","TGTCAAAATATGATCCTCGGA",263,1102810,1102548,0.9,0.83,0.07,"CANDIDATES",TRUE,TRUE,TRUE,TRUE,TRUE,TRUE,TRUE
"35",10,"CTYZ_00001108","CCTATTCAAATGATCCAGCCT","GTTTTCTGTTAATGTTAGTGATTGA",335,1102810,1102476,0.9,0.83,0.07,"CANDIDATES",TRUE,TRUE,TRUE,TRUE,TRUE,TRUE,TRUE
