pair,GeneID,forward_primer,reverse_primer,Fwd_Eff,Rev_Eff,deltaEff,Vis_PASS_Fwd,Vis_PASS_Rev,SMS_PASS_Fwd,SMS_PASS_Rev,MPA_PASS_CrossDimer
5,CTYZ_00000998,TTCCTTCACACTTGGGAATA,AAACATTGTGTGATGTCATGA,0.85,0.85,0,TRUE,TRUE,T,F,T
6,CTYZ_00000998,TTCCTTCACACTTGGGAATA,TGAACATGAACTCCGCAC,0.85,0.86,0.01,TRUE,TRUE,T,T,T
9,CTYZ_00000194,GACAATTCACTCAGTTAAAGTTTTAT,GCAGATTTCTCAAGATCTTCTC,0.91,0.82,0.09,TRUE,TRUE,F,F,T
8,CTYZ_00001006,AAGGCGAGAGATATTCTTACA,TGTGTCATATAAAGTTCCCGT,0.78,0.82,0.04,TRUE,TRUE,T,F,T
4,CTYZ_00001005,GCAGAAAGTTCAATAATCAGGAA,GCCAGAAAGAATATCACTCCA,0.87,0.89,0.02,TRUE,TRUE,T,T,T
8,CTYZ_00001005,GCAGAAAGTTCAATAATCAGGAA,GCTCTTTCTATTCTTTGTAATTGGA,0.87,0.94,0.07,TRUE,TRUE,T,T,T
1,CTYZ_00000992,AGGCAAGTAACTGGAAAAATG,CCAATAATATTTGTTGAGCATCCT,0.82,0.9,0.08,TRUE,TRUE,T,F,T
5,CTYZ_00000992,AGGCAAGTAACTGGAAAAATG,ATATTTGTTGAGCATCCTGAAA,0.82,0.81,0.01,TRUE,TRUE,T,F,T
6,CTYZ_00000992,AGGCAAGTAACTGGAAAAATG,GAGCATCCTGAAAAATGTTGA,0.82,0.9,0.08,TRUE,TRUE,T,F,T
8,CTYZ_00000992,AGGCAAGTAACTGGAAAAATG,TCCTGAAAAATGTTGATTAAAGTTT,0.82,0.91,0.09,TRUE,TRUE,T,F,T
9,CTYZ_00000992,AGGCAAGTAACTGGAAAAATG,TGTTGAGCATCCTGAAAAATG,0.82,0.84,0.02,TRUE,TRUE,T,F,T
10,CTYZ_00000992,AGGCAAGTAACTGGAAAAATG,CCTGAAAAATGTTGATTAAAGTTTTT,0.82,0.87,0.05,TRUE,TRUE,T,F,T
2,CTYZ_00000007,CCCATCTATTAAGCAACTAAAATATT,AACTTTCCATATCTAGCAAATAATTT,0.84,0.88,0.04,TRUE,TRUE,F,F,F
3,CTYZ_00000007,CCCATCTATTAAGCAACTAAAATATT,AAACTTTCCATATCTAGCAAATAATT,0.84,0.88,0.04,TRUE,TRUE,F,F,F
6,CTYZ_00000007,CCCATCTATTAAGCAACTAAAATATT,GGTCTCATGTCTTTTTCCGT,0.84,0.91,0.07,TRUE,TRUE,F,T,F
7,CTYZ_00000007,CCCATCTATTAAGCAACTAAAATATT,GATCTCCATCTTTTTCACAAGT,0.84,0.82,0.02,TRUE,TRUE,F,F,T
8,CTYZ_00000007,CCCATCTATTAAGCAACTAAAATATT,ACAGCCAAACTTTCCATATCT,0.84,0.85,0.01,TRUE,TRUE,F,T,T
9,CTYZ_00000007,CCCATCTATTAAGCAACTAAAATATT,GCAAATAATTTTGTCAAATCAGCT,0.84,0.88,0.04,TRUE,TRUE,F,F,F
10,CTYZ_00001002,AGTAAAGTTCATAAATCAAAACCTG,TGATCTGCTAAAAGAACGTCT,0.75,0.84,0.09,TRUE,TRUE,T,T,T
1,CTYZ_00001004,TCAAAAATTTATGAGAAATCCACTC,TCAATACCTCTTCCCCATAAAT,0.85,0.85,0,TRUE,TRUE,F,F,F
2,CTYZ_00001004,TCAAAAATTTATGAGAAATCCACTC,CCCATAAATCTGTTGTAATTAAAACT,0.85,0.81,0.04,TRUE,TRUE,F,F,F
3,CTYZ_00001004,TCAAAAATTTATGAGAAATCCACTC,AATCTGTTGTAATTAAAACTCGTG,0.85,0.85,0,TRUE,TRUE,F,F,F
5,CTYZ_00001004,TCAAAAATTTATGAGAAATCCACTC,TCCCCATAAATCTGTTGTAATTAA,0.85,0.85,0,TRUE,TRUE,F,F,F
6,CTYZ_00001004,TCAAAAATTTATGAGAAATCCACTC,TTCCCCATAAATCTGTTGTAATTA,0.85,0.88,0.03,TRUE,TRUE,F,F,F
9,CTYZ_00001004,TCAAAAATTTATGAGAAATCCACTC,TTCCCCATAAATCTGTTGTAATT,0.85,0.84,0.01,TRUE,TRUE,F,F,F
3,CTYZ_00002714,AAGAGGTACAAAATGTTTCCG,TTCAAGAATTGATGCTTCGTATA,0.85,0.82,0.03,TRUE,TRUE,T,T,T
4,CTYZ_00002714,AAGAGGTACAAAATGTTTCCG,TGATGCTTCGTATATTGAATTTAATT,0.85,0.87,0.02,TRUE,TRUE,T,F,T
5,CTYZ_00002714,AAGAGGTACAAAATGTTTCCG,ATAGAAAAGAATAGGTTGTCATAAGA,0.85,0.88,0.03,TRUE,TRUE,T,T,T
9,CTYZ_00002714,AAGAGGTACAAAATGTTTCCG,AAAAGAATAGGTTGTCATAAGAGT,0.85,0.82,0.03,TRUE,TRUE,T,T,T
5,CTYZ_00001598,ACAAGAGGACAAAGAAAAAGAA,GTTGAAGAACATCCTTGTAAAATT,0.74,0.8,0.06,TRUE,TRUE,T,F,T
5,CTYZ_00001187,TGCTTTCATTGCTTTCTTCC,TCAGTATCAAGGAAAACAAAGG,0.81,0.84,0.03,TRUE,TRUE,T,T,F
2,CTYZ_00001495,AACAAGACAGAAATAGAAGTCAATA,GGAAGTTTGATTTTCTTGGAAATG,0.95,0.88,0.07,TRUE,TRUE,T,F,T
6,CTYZ_00001495,AACAAGACAGAAATAGAAGTCAATA,AGTTTGATTTTCTTGGAAATGTTTAA,0.95,0.88,0.07,TRUE,TRUE,T,F,T
4,CTYZ_00000997,AGTTTATTAAACAAGATCCTGCTA,ATATCCACCACTCTTCATACTT,0.85,0.91,0.06,TRUE,TRUE,F,F,T
5,CTYZ_00000997,AGTTTATTAAACAAGATCCTGCTA,ATCCGATGATTTGGGGATT,0.85,0.82,0.03,TRUE,TRUE,F,T,T
6,CTYZ_00000997,AGTTTATTAAACAAGATCCTGCTA,GTTAGAAGAACAACGCGTATA,0.85,0.82,0.03,TRUE,TRUE,F,F,T
7,CTYZ_00000997,AGTTTATTAAACAAGATCCTGCTA,CCACCACTCTTCATACTTTGT,0.85,0.87,0.02,TRUE,TRUE,F,F,T
10,CTYZ_00000997,AGTTTATTAAACAAGATCCTGCTA,TCTTTACATCTACTATCTTTTCGTT,0.85,0.88,0.03,TRUE,TRUE,F,T,T
2,CTYZ_00003977,GCAAGTTTGCTGTTTTTGTTTTT,TGGAGATGTTAAAATGACCTTTC,0.95,0.87,0.08,TRUE,TRUE,F,F,T
6,CTYZ_00003977,GCAAGTTTGCTGTTTTTGTTTTT,CTGGAGATGTTAAAATGACCTTT,0.95,0.91,0.04,TRUE,TRUE,F,T,T
2,CTYZ_00002543,TTCCAAAAGAGTAGTATTTCCAAA,CAGTTGATTCCATTATTGACTGT,0.77,0.84,0.07,TRUE,TRUE,T,T,T
3,CTYZ_00002543,TTCCAAAAGAGTAGTATTTCCAAA,TGGATCTGTAATGCAATATCTCT,0.77,0.83,0.06,TRUE,TRUE,T,T,T
5,CTYZ_00002543,TTCCAAAAGAGTAGTATTTCCAAA,TGTTGTACTTTTAAATCTGTAATGTT,0.77,0.84,0.07,TRUE,TRUE,T,T,T
6,CTYZ_00002543,TTCCAAAAGAGTAGTATTTCCAAA,AAATCTGTAATGTTTCTCTGCA,0.77,0.84,0.07,TRUE,TRUE,T,F,T
7,CTYZ_00002543,TTCCAAAAGAGTAGTATTTCCAAA,GTAATGTTTCTCTGCAGCTC,0.77,0.83,0.06,TRUE,TRUE,T,T,T
2,CTYZ_00001186,CCCGGAAAAAAAGTCTTTAGTA,AGGTTTCTGACCCTCCTT,0.89,0.81,0.08,TRUE,TRUE,F,T,T
6,CTYZ_00001186,CCCGGAAAAAAAGTCTTTAGTA,CGTCTTTACTGCCTTTGTAAAC,0.89,0.92,0.03,TRUE,TRUE,F,T,T
7,CTYZ_00001186,CCCGGAAAAAAAGTCTTTAGTA,GACCCTCCTTATTAATCTTTTGTA,0.89,0.91,0.02,TRUE,TRUE,F,T,T
8,CTYZ_00001186,CCCGGAAAAAAAGTCTTTAGTA,CCCTCCTTATTAATCTTTTGTAAGA,0.89,0.84,0.05,TRUE,TRUE,F,F,T
9,CTYZ_00001186,CCCGGAAAAAAAGTCTTTAGTA,AGTTTTGGCTTTGGTCTTTG,0.89,0.83,0.06,TRUE,TRUE,F,T,T
10,CTYZ_00001186,CCCGGAAAAAAAGTCTTTAGTA,GTTTTGGCTTTGGTCTTTGA,0.89,0.89,0,TRUE,TRUE,F,T,T
1,CTYZ_00002885,AAGCTTTGTGTAATTGTGCT,CCAACTCTTCTTCTGTGAATC,0.82,0.81,0.01,TRUE,TRUE,F,T,T
2,CTYZ_00002885,AAGCTTTGTGTAATTGTGCT,GCCAACTCTTCTTCTGTGA,0.82,0.87,0.05,TRUE,TRUE,F,T,T
5,CTYZ_00002885,AAGCTTTGTGTAATTGTGCT,GCCAACTCTTCTTCTGTGAA,0.82,0.89,0.07,TRUE,TRUE,F,T,T
7,CTYZ_00002885,AAGCTTTGTGTAATTGTGCT,CGCCAACTCTTCTTCTGT,0.82,0.8,0.02,TRUE,TRUE,F,T,T
1,CTYZ_00003983,AGAAGAGAAAGAGAAGAGAAAGA,GAAAGTGAAGCAAGCATGT,0.85,0.81,0.04,TRUE,TRUE,T,F,T
2,CTYZ_00003983,AGAAGAGAAAGAGAAGAGAAAGA,AACCACTAGCCTGTTGTT,0.85,0.88,0.03,TRUE,TRUE,T,F,T
3,CTYZ_00003983,AGAAGAGAAAGAGAAGAGAAAGA,CAAGCATGTCTGAAATACCTT,0.85,0.84,0.01,TRUE,TRUE,T,T,T
4,CTYZ_00003983,AGAAGAGAAAGAGAAGAGAAAGA,GAGTAACAGTATCTGACACTGA,0.85,0.86,0.01,TRUE,TRUE,T,F,T
8,CTYZ_00003983,AGAAGAGAAAGAGAAGAGAAAGA,AACTCCATCCCAGTCCTA,0.85,0.92,0.07,TRUE,TRUE,T,T,T
9,CTYZ_00003983,AGAAGAGAAAGAGAAGAGAAAGA,CCTGTTGTTGTGGAGTAACA,0.85,0.88,0.03,TRUE,TRUE,T,F,T
10,CTYZ_00003983,AGAAGAGAAAGAGAAGAGAAAGA,AAAGTGAAGCAAGCATGTC,0.85,0.89,0.04,TRUE,TRUE,T,T,T
2,CTYZ_00001183,AGACTATATCAATTTCCTTTCAAGT,AAGTAACTCCAAAATCCCTAAAA,0.75,0.82,0.07,TRUE,TRUE,T,F,T
4,CTYZ_00001183,AGACTATATCAATTTCCTTTCAAGT,AGCATGATATTTAAGTAACTCCAAA,0.75,0.84,0.09,TRUE,TRUE,T,F,T
9,CTYZ_00001183,AGACTATATCAATTTCCTTTCAAGT,ATATTTAAGTAACTCCAAAATCCCT,0.75,0.84,0.09,TRUE,TRUE,T,F,T
6,CTYZ_00001596,TCTTTCAAATAAATCAGCAGGA,AACACTAAAATAATCTTCAATCTCTC,0.82,0.84,0.02,TRUE,TRUE,T,T,T
7,CTYZ_00001596,TCTTTCAAATAAATCAGCAGGA,GTGCTGTAGGACCTTTCTT,0.82,0.87,0.05,TRUE,TRUE,T,T,T
9,CTYZ_00001596,TCTTTCAAATAAATCAGCAGGA,CGTGCTGTAGGACCTTTC,0.82,0.89,0.07,TRUE,TRUE,T,T,T
1,CTYZ_00003090,AGAAGAAGAATCACCGCTT,TGGAAAAAAGTGCTTCAATTTTC,0.85,0.88,0.03,TRUE,TRUE,T,F,T
2,CTYZ_00003090,AGAAGAAGAATCACCGCTT,TTAAAAATGGAAAAAAGTGCTTCA,0.85,0.85,0,TRUE,TRUE,T,F,T
3,CTYZ_00003090,AGAAGAAGAATCACCGCTT,CAATTTTCTTCTCAATAACAACGTA,0.85,0.92,0.07,TRUE,TRUE,T,F,F
4,CTYZ_00003090,AGAAGAAGAATCACCGCTT,CAATTTTCTTCTCAATAACAACGT,0.85,0.81,0.04,TRUE,TRUE,T,F,F
7,CTYZ_00003090,AGAAGAAGAATCACCGCTT,TCAATTTTCTTCTCAATAACAACG,0.85,0.84,0.01,TRUE,TRUE,T,T,F
9,CTYZ_00003090,AGAAGAAGAATCACCGCTT,CAATTTTCTTCTCAATAACAACGTAT,0.85,0.92,0.07,TRUE,TRUE,T,F,F
10,CTYZ_00003090,AGAAGAAGAATCACCGCTT,TTATTAAAAATGGAAAAAAGTGCTTC,0.85,0.85,0,TRUE,TRUE,T,F,T
4,CTYZ_00002382,AACTCTCAGAAATGTCCAGA,TTCCTACGATATTCTTCCTCTT,0.82,0.81,0.01,TRUE,TRUE,T,T,T
6,CTYZ_00002382,AACTCTCAGAAATGTCCAGA,CGAATATTTGTTTAGCTTCAGCA,0.82,0.9,0.08,TRUE,TRUE,T,F,T
4,CTYZ_00001008,CCTACCTTACAACCTTAACTTC,CAAACAAAAATGGATCCAGTTT,0.77,0.83,0.06,TRUE,TRUE,T,F,T
6,CTYZ_00002119,TTCAGTACTTACCAATTACTATGTT,GCTTGAGAAAGGAGCAGAAT,0.82,0.87,0.05,TRUE,TRUE,F,T,T
7,CTYZ_00002119,TTCAGTACTTACCAATTACTATGTT,GAATCATAAGAATATGGAGCTGA,0.82,0.82,0,TRUE,TRUE,F,F,T
1,CTYZ_00001197,TCATTTAAACCAATTTCCAATTCAA,GTCAAATCATTATTATCCATGTACTT,0.83,0.83,0,TRUE,TRUE,F,F,T
2,CTYZ_00001197,TCATTTAAACCAATTTCCAATTCAA,CTGTCAAATCATTATTATCCATGTAC,0.83,0.81,0.02,TRUE,TRUE,F,F,T
3,CTYZ_00001197,TCATTTAAACCAATTTCCAATTCAA,TCTATTCTACATTGACAAGAACTAAT,0.83,0.83,0,TRUE,TRUE,F,T,T
1,CTYZ_00002553,ACCAAGACAATCTAATCTCAAAG,GCTATTTTATTCACCTCTGAAATAAG,0.75,0.82,0.07,TRUE,TRUE,T,T,T
7,CTYZ_00002553,ACCAAGACAATCTAATCTCAAAG,GTGTTTCCAAATTACATGGCT,0.75,0.82,0.07,TRUE,TRUE,T,T,T
10,CTYZ_00003373,CAGAAGCTACAAAGGAATACTT,CTATTTCTGTAGCATCTTCATCAT,0.79,0.82,0.03,TRUE,TRUE,T,T,F