"pair","GeneID","forward_primer","reverse_primer","Fwd_Eff","Rev_Eff","deltaEff","Vis_PASS_Fwd","Vis_PASS_Rev","SMS_PASS_Fwd","SMS_PASS_Rev","MPA_PASS_CrossDimer","origin"
6,"CTYZ_00000998","TTCCTTCACACTTGGGAATA","TGAACATGAACTCCGCAC",0.85,0.86,0.01,TRUE,TRUE,TRUE,TRUE,TRUE,"cnd_minusIndels"
4,"CTYZ_00001005","GCAGAAAGTTCAATAATCAGGAA","GCCAGAAAGAATATCACTCCA",0.87,0.89,0.02,TRUE,TRUE,TRUE,TRUE,TRUE,"cnd_minusIndels"
8,"CTYZ_00001005","GCAGAAAGTTCAATAATCAGGAA","GCTCTTTCTATTCTTTGTAATTGGA",0.87,0.94,0.07,TRUE,TRUE,TRUE,TRUE,TRUE,"cnd_minusIndels"
10,"CTYZ_00001002","AGTAAAGTTCATAAATCAAAACCTG","TGATCTGCTAAAAGAACGTCT",0.75,0.84,0.09,TRUE,TRUE,TRUE,TRUE,TRUE,"cnd_minusIndels"
3,"CTYZ_00002714","AAGAGGTACAAAATGTTTCCG","TTCAAGAATTGATGCTTCGTATA",0.85,0.82,0.03,TRUE,TRUE,TRUE,TRUE,TRUE,"cnd_minusIndels"
5,"CTYZ_00002714","AAGAGGTACAAAATGTTTCCG","ATAGAAAAGAATAGGTTGTCATAAGA",0.85,0.88,0.03,TRUE,TRUE,TRUE,TRUE,TRUE,"cnd_minusIndels"
9,"CTYZ_00002714","AAGAGGTACAAAATGTTTCCG","AAAAGAATAGGTTGTCATAAGAGT",0.85,0.82,0.03,TRUE,TRUE,TRUE,TRUE,TRUE,"cnd_minusIndels"
2,"CTYZ_00002543","TTCCAAAAGAGTAGTATTTCCAAA","CAGTTGATTCCATTATTGACTGT",0.77,0.84,0.07,TRUE,TRUE,TRUE,TRUE,TRUE,"cnd_minusIndels"
3,"CTYZ_00002543","TTCCAAAAGAGTAGTATTTCCAAA","TGGATCTGTAATGCAATATCTCT",0.77,0.83,0.06,TRUE,TRUE,TRUE,TRUE,TRUE,"cnd_minusIndels"
5,"CTYZ_00002543","TTCCAAAAGAGTAGTATTTCCAAA","TGTTGTACTTTTAAATCTGTAATGTT",0.77,0.84,0.07,TRUE,TRUE,TRUE,TRUE,TRUE,"cnd_minusIndels"
7,"CTYZ_00002543","TTCCAAAAGAGTAGTATTTCCAAA","GTAATGTTTCTCTGCAGCTC",0.77,0.83,0.06,TRUE,TRUE,TRUE,TRUE,TRUE,"cnd_minusIndels"
3,"CTYZ_00003983","AGAAGAGAAAGAGAAGAGAAAGA","CAAGCATGTCTGAAATACCTT",0.85,0.84,0.01,TRUE,TRUE,TRUE,TRUE,TRUE,"cnd_minusIndels"
8,"CTYZ_00003983","AGAAGAGAAAGAGAAGAGAAAGA","AACTCCATCCCAGTCCTA",0.85,0.92,0.07,TRUE,TRUE,TRUE,TRUE,TRUE,"cnd_minusIndels"
10,"CTYZ_00003983","AGAAGAGAAAGAGAAGAGAAAGA","AAAGTGAAGCAAGCATGTC",0.85,0.89,0.04,TRUE,TRUE,TRUE,TRUE,TRUE,"cnd_minusIndels"
6,"CTYZ_00001596","TCTTTCAAATAAATCAGCAGGA","AACACTAAAATAATCTTCAATCTCTC",0.82,0.84,0.02,TRUE,TRUE,TRUE,TRUE,TRUE,"cnd_minusIndels"
7,"CTYZ_00001596","TCTTTCAAATAAATCAGCAGGA","GTGCTGTAGGACCTTTCTT",0.82,0.87,0.05,TRUE,TRUE,TRUE,TRUE,TRUE,"cnd_minusIndels"
9,"CTYZ_00001596","TCTTTCAAATAAATCAGCAGGA","CGTGCTGTAGGACCTTTC",0.82,0.89,0.07,TRUE,TRUE,TRUE,TRUE,TRUE,"cnd_minusIndels"
4,"CTYZ_00002382","AACTCTCAGAAATGTCCAGA","TTCCTACGATATTCTTCCTCTT",0.82,0.81,0.01,TRUE,TRUE,TRUE,TRUE,TRUE,"cnd_minusIndels"
1,"CTYZ_00002553","ACCAAGACAATCTAATCTCAAAG","GCTATTTTATTCACCTCTGAAATAAG",0.75,0.82,0.07,TRUE,TRUE,TRUE,TRUE,TRUE,"cnd_minusIndels"
7,"CTYZ_00002553","ACCAAGACAATCTAATCTCAAAG","GTGTTTCCAAATTACATGGCT",0.75,0.82,0.07,TRUE,TRUE,TRUE,TRUE,TRUE,"cnd_minusIndels"
2,"CTYZ_00001064","TTTTATTTATTTTGGAAGTCTTGCTA","CCCAATACAACCTCCTGTC",0.86,0.85,0.01,TRUE,TRUE,TRUE,TRUE,TRUE,"cnd_plusIndels"
3,"CTYZ_00001064","TTTTATTTATTTTGGAAGTCTTGCTA","ACAACCTCCTGTCATAAAGC",0.86,0.85,0.01,TRUE,TRUE,TRUE,TRUE,TRUE,"cnd_plusIndels"
4,"CTYZ_00000245","AGCATCATCAAAACAACTATTATC","CAATAAAATGAATGTATCTCATACCG",0.76,0.81,0.05,TRUE,TRUE,TRUE,TRUE,TRUE,"cnd_plusIndels"
10,"CTYZ_00000245","TCATATTGGACATTATTCTGGTATT","CCATTGAAGTAATAAAAGGAATTGTA",0.9,0.88,0.02,TRUE,TRUE,TRUE,TRUE,TRUE,"cnd_plusIndels"
8,"CTYZ_00003061","GCTTCCATTTGCGGTCT","CGACTTGTACTCATATTAATCAAGG",0.82,0.91,0.09,TRUE,TRUE,TRUE,TRUE,TRUE,"cnd_plusIndels"
