"","pair","forward_primer","reverse_primer","GeneID","Fwd_Eff","Rev_Eff","deltaEff","Vis_PASS_Fwd","Vis_PASS_Rev"
"1",5,"CCAATACAAATCCAGATGTTTTAAAT","CCGATTATTCTCTGCCCTA","CTYZ_00001001",0.87,0.85,0.02,TRUE,TRUE
"2",6,"CCAATACAAATCCAGATGTTTTAAAT","GCCGATTATTCTCTGCCC","CTYZ_00001001",0.87,0.88,0.01,TRUE,TRUE
"3",7,"CCAATACAAATCCAGATGTTTTAAAT","CGATTATTCTCTGCCCTAAAGA","CTYZ_00001001",0.87,0.93,0.06,TRUE,TRUE
"4",8,"CCAATACAAATCCAGATGTTTTAAAT","TGCCGATTATTCTCTGCC","CTYZ_00001001",0.87,0.8,0.07,TRUE,TRUE
"5",1,"CCCATTTGAAGAGATTTATTTAACAA","CTTCCTTAAATTATTCAACTCCTCT","CTYZ_00000576",0.81,0.84,0.03,TRUE,TRUE
"6",3,"CCCATTTGAAGAGATTTATTTAACAA","TCTTTTCTTCCTTCCTTAAATTATTC","CTYZ_00000576",0.81,0.84,0.03,TRUE,TRUE
"7",5,"CCCATTTGAAGAGATTTATTTAACAA","TGCCCTAATAATTCTGAATATCCT","CTYZ_00000576",0.81,0.88,0.07,TRUE,TRUE
"8",8,"CCCATTTGAAGAGATTTATTTAACAA","CCTTCCTTAAATTATTCAACTCCT","CTYZ_00000576",0.81,0.81,0,TRUE,TRUE
"9",9,"CCCATTTGAAGAGATTTATTTAACAA","TCTTCTTTTCTTCCTTCCTTAAAT","CTYZ_00000576",0.81,0.81,0,TRUE,TRUE
"10",8,"TGGGTGGATTTGTAGCAA","TCCCAAAAATAGTTGTAGAGATG","CTYZ_00000066",0.71,0.8,0.09,TRUE,TRUE
"11",10,"CCAACTCTTTTTTTCTGGGG","CTAATTGATGGAAGTGATCTCTT","CTYZ_00000066",0.81,0.81,0,TRUE,TRUE
"12",3,"ATTGTTTTACTTTACACCAATACG","TCAAAAGTGTGCAAGTTCTAG","CTYZ_00002693",0.75,0.81,0.06,TRUE,TRUE
"13",3,"AAAATAATCCTGAACAGAAAAAAGA","TCTGAGCAGAATTTCTCTCTT","CTYZ_00000994",0.85,0.87,0.02,TRUE,TRUE
"14",4,"AAAATAATCCTGAACAGAAAAAAGA","AATTTCTCTCTTATTAGTCCATCTT","CTYZ_00000994",0.85,0.87,0.02,TRUE,TRUE
"15",5,"AAAATAATCCTGAACAGAAAAAAGA","CTGAGCAGAATTTCTCTCTTATT","CTYZ_00000994",0.85,0.8,0.05,TRUE,TRUE
"16",8,"AAAATAATCCTGAACAGAAAAAAGA","CGCATCTGAGCAGAATTTCT","CTYZ_00000994",0.85,0.92,0.07,TRUE,TRUE
"17",9,"AAAATAATCCTGAACAGAAAAAAGA","GCCAATGTTGCAGGTCT","CTYZ_00000994",0.85,0.84,0.01,TRUE,TRUE
"18",10,"AAAATAATCCTGAACAGAAAAAAGA","GCATCTGAGCAGAATTTCTCT","CTYZ_00000994",0.85,0.91,0.06,TRUE,TRUE
"19",2,"ACTGGAAATGGATCTAAAAAACC","AACTGGTAAGTGAGGCTTT","CTYZ_00000583",0.87,0.85,0.02,TRUE,TRUE
"20",3,"ACTGGAAATGGATCTAAAAAACC","CAACTGGTAAGTGAGGCTT","CTYZ_00000583",0.87,0.86,0.01,TRUE,TRUE
"21",9,"ACTGGAAATGGATCTAAAAAACC","TTACTTTCTTAATCTAAAACCAACTG","CTYZ_00000583",0.87,0.81,0.06,TRUE,TRUE
"22",2,"GAAGAGAGTCGGAGCAG","ATGTCTCATTCCTAGTTGTATAATT","CTYZ_00000579",0.75,0.81,0.06,TRUE,TRUE
"23",2,"TTTTATTTATTTTGGAAGTCTTGCTA","CCCAATACAACCTCCTGTC","CTYZ_00001064",0.86,0.85,0.01,TRUE,TRUE
"24",3,"TTTTATTTATTTTGGAAGTCTTGCTA","ACAACCTCCTGTCATAAAGC","CTYZ_00001064",0.86,0.85,0.01,TRUE,TRUE
"25",4,"AGCATCATCAAAACAACTATTATC","CAATAAAATGAATGTATCTCATACCG","CTYZ_00000245",0.76,0.81,0.05,TRUE,TRUE
"26",6,"AGCATCATCAAAACAACTATTATC","TTATACACCAATAAAAATTCCATCTC","CTYZ_00000245",0.76,0.85,0.09,TRUE,TRUE
"27",8,"TCATATTGGACATTATTCTGGTATT","TTAGATTCGGTAATGCAGGA","CTYZ_00000245",0.9,0.83,0.07,TRUE,TRUE
"28",10,"TCATATTGGACATTATTCTGGTATT","CCATTGAAGTAATAAAAGGAATTGTA","CTYZ_00000245",0.9,0.88,0.02,TRUE,TRUE
"29",6,"GCTTCCATTTGCGGTCT","CGAGACTGGTTGAAACAGA","CTYZ_00003061",0.82,0.85,0.03,TRUE,TRUE
"30",8,"GCTTCCATTTGCGGTCT","CGACTTGTACTCATATTAATCAAGG","CTYZ_00003061",0.82,0.91,0.09,TRUE,TRUE
