"pair","forward_primer","reverse_primer","GeneID","Fwd_Eff","Rev_Eff","deltaEff","Vis_PASS_Fwd","Vis_PASS_Rev","SNPs_covered"
6,"CCATGAAATTGAATTTACAAATGAAA","ACAGGGGGTCTCTTTGG","CTYZ_00002282",0.74,0.83,0.09,TRUE,TRUE,2
9,"CCATGAAATTGAATTTACAAATGAAA","TCCTCTGAATTTGCGGG","CTYZ_00002282",0.74,0.81,0.07,TRUE,TRUE,2
3,"GAATCGGTTTTTCAAAGAAAAAAAT","CCTGGTATAGTTTTATCGTGTTT","CTYZ_00003259",0.81,0.88,0.07,TRUE,TRUE,3
5,"GAATCGGTTTTTCAAAGAAAAAAAT","CCTGGTATAGTTTTATCGTGTT","CTYZ_00003259",0.81,0.8,0.01,TRUE,TRUE,3
6,"GAATCGGTTTTTCAAAGAAAAAAAT","TTAACACTTCAATCGCTTCTT","CTYZ_00003259",0.81,0.83,0.02,TRUE,TRUE,2
8,"GAATCGGTTTTTCAAAGAAAAAAAT","TCTTTAACACTTCAATCGCTT","CTYZ_00003259",0.81,0.85,0.04,TRUE,TRUE,2
1,"AATCAACTCCAGTATTAGGGTA","CGGGTTCTAAAACTCTAAGCA","CTYZ_00000395",0.91,0.9,0.01,TRUE,TRUE,1
4,"AATCAACTCCAGTATTAGGGTA","CCTTCCAGTTTGGTCGATT","CTYZ_00000395",0.91,0.87,0.04,TRUE,TRUE,1
5,"AATCAACTCCAGTATTAGGGTA","GGTTCTAAAACTCTAAGCAGAAAA","CTYZ_00000395",0.91,0.88,0.03,TRUE,TRUE,1
6,"AATCAACTCCAGTATTAGGGTA","TTATTTTTTCGGGTTCTAAAACTC","CTYZ_00000395",0.91,0.83,0.08,TRUE,TRUE,1
7,"AATCAACTCCAGTATTAGGGTA","GCTGGATTTAATTAGATGCCTT","CTYZ_00000395",0.91,0.89,0.02,TRUE,TRUE,1
1,"AAGCAGGAAGAGCAAAAAATA","ACAATAAAACTGGCCTAAAGTTT","CTYZ_00003637",0.93,0.9,0.03,TRUE,TRUE,4
3,"AAGCAGGAAGAGCAAAAAATA","ACAATAAAACTGGCCTAAAGTT","CTYZ_00003637",0.93,0.85,0.08,TRUE,TRUE,4
4,"ACTATTTCCTGTTAGAGAAAAAGAG","CCTGACTAGGCAGTATAACCT","CTYZ_00003813",0.82,0.9,0.08,TRUE,TRUE,2
10,"ACTATTTCCTGTTAGAGAAAAAGAG","GGCAGTATAACCTCATGTCG","CTYZ_00003813",0.82,0.89,0.07,TRUE,TRUE,2
1,"CAAGTCAACAGACCAAAAAATT","CATTTTCCTACAAATTAACCATTTTT","CTYZ_00003004",0.72,0.8,0.08,TRUE,TRUE,1
1,"GTTTAGAAGAAGTTTTGGAGAGA","GTCGTATTTACTTGCAACATTC","CTYZ_00001701",0.81,0.81,0,TRUE,TRUE,2
3,"GTTTAGAAGAAGTTTTGGAGAGA","CTTGGTCGTATTTACTTGCAA","CTYZ_00001701",0.81,0.81,0,TRUE,TRUE,2
6,"GTTTAGAAGAAGTTTTGGAGAGA","CTCTTGGTCGTATTTACTTGC","CTYZ_00001701",0.81,0.83,0.02,TRUE,TRUE,2
8,"GTTTAGAAGAAGTTTTGGAGAGA","GCTTTCCTCTTGGTCGTATT","CTYZ_00001701",0.81,0.9,0.09,TRUE,TRUE,2
2,"TGTTCCGATTTATCAAAGACTT","GTTTAAGTGATCTGCAATTGTTT","CTYZ_00001280",0.79,0.86,0.07,TRUE,TRUE,2
3,"TGTTCCGATTTATCAAAGACTT","CTAACAAAGAGCAATGCAATTT","CTYZ_00001280",0.79,0.84,0.05,TRUE,TRUE,2
5,"TGTTCCGATTTATCAAAGACTT","TTGTTGATCTTCAAAGCTTCTT","CTYZ_00001280",0.79,0.86,0.07,TRUE,TRUE,2
6,"TGTTCCGATTTATCAAAGACTT","TGTTGTTGATCTTCAAAGCTT","CTYZ_00001280",0.79,0.84,0.05,TRUE,TRUE,2
7,"TGTTCCGATTTATCAAAGACTT","TTCCGTAGTTTTACCAATAATTAATT","CTYZ_00001280",0.79,0.81,0.02,TRUE,TRUE,2
6,"GGGTACATGTGTTGGAACTT","TCAAAGTTTTCAGAAGAAATAGATCT","CTYZ_00003312",0.93,0.89,0.04,TRUE,TRUE,1
1,"AAATACTACCTTGGATTTAAAACATC","CTTCAGGTCTAAAAGATTGATTATTT","CTYZ_00003529",0.9,0.84,0.06,TRUE,TRUE,1
2,"AAATACTACCTTGGATTTAAAACATC","GCTTCAGGTCTAAAAGATTGATTATT","CTYZ_00003529",0.9,0.97,0.07,TRUE,TRUE,1
3,"AAATACTACCTTGGATTTAAAACATC","GCTTCAGGTCTAAAAGATTGATT","CTYZ_00003529",0.9,0.91,0.01,TRUE,TRUE,1
4,"AAATACTACCTTGGATTTAAAACATC","GCTTCAGGTCTAAAAGATTGATTAT","CTYZ_00003529",0.9,0.93,0.03,TRUE,TRUE,1
7,"AAATACTACCTTGGATTTAAAACATC","GCTTCAGGTCTAAAAGATTGATTA","CTYZ_00003529",0.9,0.93,0.03,TRUE,TRUE,1
1,"GTTCATCAGTTGCCAATAAATTT","TCCTCCAACAAGCTGATATAC","CTYZ_00001177",0.86,0.88,0.02,TRUE,TRUE,2
3,"GTTCATCAGTTGCCAATAAATTT","ACCTTCAATACCTTCTGGAAC","CTYZ_00001177",0.86,0.81,0.05,TRUE,TRUE,2
4,"GTTCATCAGTTGCCAATAAATTT","GCTGATATACTACACCTTCCATAT","CTYZ_00001177",0.86,0.94,0.08,TRUE,TRUE,2
6,"GTTCATCAGTTGCCAATAAATTT","CCTTCTGGAACCATCTTGTTT","CTYZ_00001177",0.86,0.95,0.09,TRUE,TRUE,2
8,"GTTCATCAGTTGCCAATAAATTT","ACCTTCCATATCACCTTTATATTTAA","CTYZ_00001177",0.86,0.84,0.02,TRUE,TRUE,2
9,"GTTCATCAGTTGCCAATAAATTT","CTACACCTTCCATATCACCTT","CTYZ_00001177",0.86,0.89,0.03,TRUE,TRUE,2
10,"GTTCATCAGTTGCCAATAAATTT","GTCCTCCAACAAGCTGATATA","CTYZ_00001177",0.86,0.93,0.07,TRUE,TRUE,2
1,"TTGATCACGGAGAAGAAAGTA","GCTATCATTGCTTTTGTGATACTTA","CTYZ_00001955",0.89,0.97,0.08,TRUE,TRUE,1
2,"TTGATCACGGAGAAGAAAGTA","CCTACAGGGAATTGGCTTA","CTYZ_00001955",0.89,0.84,0.05,TRUE,TRUE,1
7,"TTGATCACGGAGAAGAAAGTA","ATTGCTTTTGTGATACTTATCAAATA","CTYZ_00001955",0.89,0.87,0.02,TRUE,TRUE,1
9,"TTGATCACGGAGAAGAAAGTA","ATGCTATCATTGCTTTTGTGA","CTYZ_00001955",0.89,0.81,0.08,TRUE,TRUE,1
10,"TTGATCACGGAGAAGAAAGTA","GTATTGAAGAACCAATTTAATGTTGA","CTYZ_00001955",0.89,0.89,0,TRUE,TRUE,1
9,"TGCAGAAAGAACAACTTTTGAA","AGAGATATCAATATCTTCGTCAATTT","CTYZ_00000083",0.75,0.81,0.06,TRUE,TRUE,1
10,"TGCAGAAAGAACAACTTTTGAA","ATCTTCGTCAATTTCCTCTTTAA","CTYZ_00000083",0.75,0.8,0.05,TRUE,TRUE,1
1,"GGAGAGAAAGAAGCAGACTAT","GAATCCTTCTTTTCAACAGAGAA","CTYZ_00000259",0.84,0.85,0.01,TRUE,TRUE,1
4,"GGAGAGAAAGAAGCAGACTAT","GTATTGAAAGAATTAACAACTCGAG","CTYZ_00000259",0.84,0.82,0.02,TRUE,TRUE,2
6,"GGAGAGAAAGAAGCAGACTAT","CCTTCTTTTCAACAGAGAAAGAT","CTYZ_00000259",0.84,0.8,0.04,TRUE,TRUE,1
7,"GGAGAGAAAGAAGCAGACTAT","CCTTCTTTTCAACAGAGAAAGATA","CTYZ_00000259",0.84,0.91,0.07,TRUE,TRUE,1
8,"GGAGAGAAAGAAGCAGACTAT","TGTATTGAAAGAATTAACAACTCGA","CTYZ_00000259",0.84,0.91,0.07,TRUE,TRUE,2
9,"GGAGAGAAAGAAGCAGACTAT","GGTTGACATTGATGAATCCTTC","CTYZ_00000259",0.84,0.9,0.06,TRUE,TRUE,1
2,"AGCCTTAAATAAATCAGGAAAACA","TCTATTTTGAACGAGGTACATTC","CTYZ_00003289",0.85,0.89,0.04,TRUE,TRUE,3
3,"AGCCTTAAATAAATCAGGAAAACA","TTCTTTGTCTTTGCTTGAATTTAA","CTYZ_00003289",0.85,0.8,0.05,TRUE,TRUE,3
4,"AGCCTTAAATAAATCAGGAAAACA","TTTTGAACGAGGTACATTCTTT","CTYZ_00003289",0.85,0.85,0,TRUE,TRUE,3
6,"AGCCTTAAATAAATCAGGAAAACA","TGCCTAAATATTAGCTTACCAATAG","CTYZ_00003289",0.85,0.84,0.01,TRUE,TRUE,3
7,"AGCCTTAAATAAATCAGGAAAACA","TGAACGAGGTACATTCTTTGT","CTYZ_00003289",0.85,0.83,0.02,TRUE,TRUE,3
8,"AGCCTTAAATAAATCAGGAAAACA","CCATATTACCATCTTGCCTAAATAT","CTYZ_00003289",0.85,0.9,0.05,TRUE,TRUE,3
10,"AGCCTTAAATAAATCAGGAAAACA","TGCCTAAATATTAGCTTACCAATA","CTYZ_00003289",0.85,0.84,0.01,TRUE,TRUE,3
3,"GCGCTTCTACAAGACCATG","AAATTACGACTTTTTCCAAATACAA","CTYZ_00001989",0.93,0.86,0.07,TRUE,TRUE,1
5,"GCGCTTCTACAAGACCATG","CCAAGCAAATAATAAAAAATTACGAC","CTYZ_00001989",0.93,0.84,0.09,TRUE,TRUE,1
6,"GCGCTTCTACAAGACCATG","GCAATACCAGATGAAGACAGTA","CTYZ_00001989",0.93,0.96,0.03,TRUE,TRUE,1
7,"GCGCTTCTACAAGACCATG","TGAAGACAGTATTGAAGAAGTACT","CTYZ_00001989",0.93,0.86,0.07,TRUE,TRUE,1
1,"GTCTTGGGGCAGGATATTTA","TGAAACTTCTCCATCGGTTT","CTYZ_00001042",0.91,0.9,0.01,TRUE,TRUE,2
3,"GTCTTGGGGCAGGATATTTA","TGAAACTTCTCCATCGGTT","CTYZ_00001042",0.91,0.83,0.08,TRUE,TRUE,2
4,"GTCTTGGGGCAGGATATTTA","GATGGAGCGAACAAAAGATT","CTYZ_00001042",0.91,0.91,0,TRUE,TRUE,2
5,"GTCTTGGGGCAGGATATTTA","TCCTCAACTCCAGCTAAATT","CTYZ_00001042",0.91,0.9,0.01,TRUE,TRUE,2
9,"GTCTTGGGGCAGGATATTTA","GCTTCCTCAACTCCAGCT","CTYZ_00001042",0.91,0.94,0.03,TRUE,TRUE,2
2,"GGATTTTGATCAATGTCTGGATA","AACTTTGCTTACTTTGGGTATAA","CTYZ_00003324",0.91,0.88,0.03,TRUE,TRUE,1
6,"GGATTTTGATCAATGTCTGGATA","ACTTAAAATAACTTTGCTTACTTTGG","CTYZ_00003324",0.91,0.87,0.04,TRUE,TRUE,1
7,"GGATTTTGATCAATGTCTGGATA","GCAGTTTGTGAAATTAAATAGCC","CTYZ_00003324",0.91,0.86,0.05,TRUE,TRUE,1
1,"AGAATGGACTAAAATGGAAAAAATAC","AGTAAATCATCAATACGTCTTTTTTT","CTYZ_00000700",0.84,0.88,0.04,TRUE,TRUE,1
2,"AGAATGGACTAAAATGGAAAAAATAC","AAGTAAATCATCAATACGTCTTTTTT","CTYZ_00000700",0.84,0.93,0.09,TRUE,TRUE,1
3,"AGAATGGACTAAAATGGAAAAAATAC","GTAAGTAAATCATCAATACGTCTTTT","CTYZ_00000700",0.84,0.87,0.03,TRUE,TRUE,1
5,"AGAATGGACTAAAATGGAAAAAATAC","TGTAAGTAAATCATCAATACGTCTT","CTYZ_00000700",0.84,0.89,0.05,TRUE,TRUE,1
8,"TTGGGGTCAAACTAAAACATC","AACTTTTCTTGTAGCTTTTGATTT","CTYZ_00000700",0.82,0.91,0.09,TRUE,TRUE,3
9,"TTGGGGTCAAACTAAAACATC","ACAAACAAATATATCACAAAATCCTT","CTYZ_00000700",0.82,0.88,0.06,TRUE,TRUE,3
10,"TTGGGGTCAAACTAAAACATC","TCATTTGATGATGATGATTTTGTATT","CTYZ_00000700",0.82,0.89,0.07,TRUE,TRUE,3
1,"TGGTGCAGAAAGTAAAACAAC","TGGCTTCATATTGAATCATCTTT","CTYZ_00000928",0.86,0.87,0.01,TRUE,TRUE,1
2,"TGGTGCAGAAAGTAAAACAAC","CTGGCTTCATATTGAATCATCTT","CTYZ_00000928",0.86,0.9,0.04,TRUE,TRUE,1
5,"GGTGCAGAAAGTAAAACAACC","TGGCTTCATATTGAATCATCTTT","CTYZ_00000928",0.92,0.87,0.05,TRUE,TRUE,1
6,"GGTGCAGAAAGTAAAACAACC","CTGGCTTCATATTGAATCATCTT","CTYZ_00000928",0.92,0.9,0.02,TRUE,TRUE,1
8,"GTGCAGAAAGTAAAACAACCT","CTGGCTTCATATTGAATCATCTT","CTYZ_00000928",0.84,0.9,0.06,TRUE,TRUE,1
3,"CATTATCTTTTATAGGCGATATTCAG","TGTCCTCGGTATTCCCTT","CTYZ_00003331",0.78,0.86,0.08,TRUE,TRUE,3
5,"CATTATCTTTTATAGGCGATATTCAG","CGGTATTCCCTTCCTCCA","CTYZ_00003331",0.78,0.85,0.07,TRUE,TRUE,3
7,"CATTATCTTTTATAGGCGATATTCAG","AATTACTAACTTACCTCTTCTTCTG","CTYZ_00003331",0.78,0.87,0.09,TRUE,TRUE,3
8,"CATTATCTTTTATAGGCGATATTCAG","CCCTTCCTCCACGTTATT","CTYZ_00003331",0.78,0.82,0.04,TRUE,TRUE,3
9,"CATTATCTTTTATAGGCGATATTCAG","CCTCGGTATTCCCTTCCT","CTYZ_00003331",0.78,0.83,0.05,TRUE,TRUE,3
2,"AGCTAAAATTCAAAGAAAAGTTAGTC","TGAATTTCCCCATCATCATCA","CTYZ_00002123",0.89,0.86,0.03,TRUE,TRUE,2
6,"AGCTAAAATTCAAAGAAAAGTTAGTC","TGAGTAATATTTTGAATTTCCCCA","CTYZ_00002123",0.89,0.8,0.09,TRUE,TRUE,2
1,"GATTATGAGGGAAAAGAAAAACTG","TCAGAGCAACGAATGTTAATTT","CTYZ_00002552",0.81,0.9,0.09,TRUE,TRUE,1
3,"GATTATGAGGGAAAAGAAAAACTG","CCAAATCCTCATCACTGTCTT","CTYZ_00002552",0.81,0.9,0.09,TRUE,TRUE,1
4,"GATTATGAGGGAAAAGAAAAACTG","GAATTGAAAAGCGTATAGATAGTATT","CTYZ_00002552",0.81,0.87,0.06,TRUE,TRUE,1
6,"GATTATGAGGGAAAAGAAAAACTG","TCAGAGCAACGAATGTTAATT","CTYZ_00002552",0.81,0.83,0.02,TRUE,TRUE,1
7,"GATTATGAGGGAAAAGAAAAACTG","CCTCATCACTGTCTTCATTAAATT","CTYZ_00002552",0.81,0.88,0.07,TRUE,TRUE,1
9,"GATTATGAGGGAAAAGAAAAACTG","GGTCAGAGCAACGAATGT","CTYZ_00002552",0.81,0.83,0.02,TRUE,TRUE,1
10,"GATTATGAGGGAAAAGAAAAACTG","AAAGCGTATAGATAGTATTTTGGT","CTYZ_00002552",0.81,0.84,0.03,TRUE,TRUE,1
6,"TGGGAAGTTTTCCTGGTAAC","ACAATCACTTTCGCTGCA","CTYZ_00002505",0.76,0.84,0.08,TRUE,TRUE,1
10,"TGGGAAGTTTTCCTGGTAAC","TGGAATTATTCTCTGAACAAGATAT","CTYZ_00002505",0.76,0.8,0.04,TRUE,TRUE,1
1,"AACAAACACCAAGAAAAGGAT","TCATTTTAGTTTGTTTGTAAGGTATT","CTYZ_00001426",0.83,0.88,0.05,TRUE,TRUE,1
5,"AACAAACACCAAGAAAAGGATA","TCATTTTAGTTTGTTTGTAAGGTATT","CTYZ_00001426",0.93,0.88,0.05,TRUE,TRUE,1
9,"AGGAACAAACACCAAGAAAAG","TCATTTTAGTTTGTTTGTAAGGTATT","CTYZ_00001426",0.82,0.88,0.06,TRUE,TRUE,1
3,"TCGACTGATAATTTAATCAAATTCTC","AGAACTTGGTTTTGTTCCATTT","CTYZ_00002281",0.84,0.87,0.03,TRUE,TRUE,2
4,"TCGACTGATAATTTAATCAAATTCTC","GGTCCTGGTCTCCCATTT","CTYZ_00002281",0.84,0.81,0.03,TRUE,TRUE,2
5,"TCGACTGATAATTTAATCAAATTCTC","AGGAGACGAACCTGAATTT","CTYZ_00002281",0.84,0.8,0.04,TRUE,TRUE,2
8,"TCGACTGATAATTTAATCAAATTCTC","CCCATTTCGGTCTCTTCTT","CTYZ_00002281",0.84,0.84,0,TRUE,TRUE,2
9,"TCGACTGATAATTTAATCAAATTCTC","CCATTCAAATCGACTTGTCTT","CTYZ_00002281",0.84,0.86,0.02,TRUE,TRUE,2
2,"GAGATTCGCTACTATCCCTTAA","ACTTGAAGTAGGAGTTTTTATTTCTT","CTYZ_00003592",0.89,0.93,0.04,TRUE,TRUE,1
3,"GAGATTCGCTACTATCCCTTAA","TTATTTGCTCCATTTCCTGC","CTYZ_00003592",0.89,0.82,0.07,TRUE,TRUE,1
6,"GAGATTCGCTACTATCCCTTAA","TCATTACTTGAAGTAGGAGTTTTTAT","CTYZ_00003592",0.89,0.9,0.01,TRUE,TRUE,1
7,"GAGATTCGCTACTATCCCTTAA","TTCTTAATTCATTACTTGAAGTAGGA","CTYZ_00003592",0.89,0.8,0.09,TRUE,TRUE,1
8,"GAGATTCGCTACTATCCCTTAA","CATTACTTGAAGTAGGAGTTTTTATT","CTYZ_00003592",0.89,0.81,0.08,TRUE,TRUE,1
10,"GAGATTCGCTACTATCCCTTAA","TCCTTTGAATTTACATTATTGTCTTT","CTYZ_00003592",0.89,0.81,0.08,TRUE,TRUE,2
7,"TCTAATTGCGTTATATTAAGTGGG","TCATTTTAACTGAAGTGGGAATAT","CTYZ_00003157",0.9,0.87,0.03,TRUE,TRUE,2
9,"TCTAATTGCGTTATATTAAGTGGG","TGCGGCGAAAGATAACTTA","CTYZ_00003157",0.9,0.9,0,TRUE,TRUE,2
10,"TCTAATTGCGTTATATTAAGTGGG","CGAAAGATAACTTAAAATCCTTGCT","CTYZ_00003157",0.9,0.93,0.03,TRUE,TRUE,2
1,"TTTTTTCTTTGGATCAACCTGA","TTTTCACAAATATTAACCGAACTTAT","CTYZ_00000001",0.79,0.82,0.03,TRUE,TRUE,2
2,"TGAATAAAGGTAGTTCACACATT","GCTCTTAAACTTGAAAATGTTTTATC","CTYZ_00000166",0.79,0.8,0.01,TRUE,TRUE,1
4,"TGAATAAAGGTAGTTCACACATT","CTGCTCTTAAACTTGAAAATGTT","CTYZ_00000166",0.79,0.83,0.04,TRUE,TRUE,1
1,"TCAGACAAAGCAAAACCTG","GCCTTCTTTAAGTCCTTTAATTTT","CTYZ_00002345",0.76,0.83,0.07,TRUE,TRUE,1
9,"TCAGACAAAGCAAAACCTG","TGCCTTCTTTAAGTCCTTTAATT","CTYZ_00002345",0.76,0.85,0.09,TRUE,TRUE,1
2,"TCAAGAAAGCCAAAAGCCT","CAGAAAAATCAGAGTCACTATAATTT","CTYZ_00000730",0.87,0.82,0.05,TRUE,TRUE,2
3,"TCAAGAAAGCCAAAAGCCT","GCCAAGCATTCACTGGTT","CTYZ_00000730",0.87,0.94,0.07,TRUE,TRUE,2
5,"TCAAGAAAGCCAAAAGCCT","TCAGAAAAATCAGAGTCACTATAATT","CTYZ_00000730",0.87,0.92,0.05,TRUE,TRUE,2
6,"TCAAGAAAGCCAAAAGCCT","TGAGGACATATATAAAGAAGTGGT","CTYZ_00000730",0.87,0.85,0.02,TRUE,TRUE,2
7,"TCAAGAAAGCCAAAAGCCT","GCCAAGCATTCACTGGT","CTYZ_00000730",0.87,0.83,0.04,TRUE,TRUE,2
8,"TCAAGAAAGCCAAAAGCCT","AAATCAGAGTCACTATAATTTCTAGT","CTYZ_00000730",0.87,0.81,0.06,TRUE,TRUE,2
1,"TGGTCTCTCAGAAAAAGCG","CCACAGCGACAAATAGTTTT","CTYZ_00003488",0.85,0.85,0,TRUE,TRUE,1
3,"TGGTCTCTCAGAAAAAGCG","AAAACAGGTTCTCCATTACTATTT","CTYZ_00003488",0.85,0.91,0.06,TRUE,TRUE,2
6,"TGGTCTCTCAGAAAAAGCG","ACAAATAGTTTTGATTTCAGTAAGTT","CTYZ_00003488",0.85,0.8,0.05,TRUE,TRUE,1
7,"TGGTCTCTCAGAAAAAGCG","AAAAACAGGTTCTCCATTACTATT","CTYZ_00003488",0.85,0.91,0.06,TRUE,TRUE,2
8,"TGGTCTCTCAGAAAAAGCG","ACAGCGACAAATAGTTTTGATT","CTYZ_00003488",0.85,0.87,0.02,TRUE,TRUE,1
9,"TGGTCTCTCAGAAAAAGCG","CAGAAAAAACAGGTTCTCCATT","CTYZ_00003488",0.85,0.91,0.06,TRUE,TRUE,2
10,"TGGTCTCTCAGAAAAAGCG","GTTCTCCATTACTATTTAATCTGGT","CTYZ_00003488",0.85,0.8,0.05,TRUE,TRUE,2
2,"ACGGTAACTCTAGGAAACATAT","GCAATAATTACCCTGATATACTCTT","CTYZ_00003251",0.83,0.89,0.06,TRUE,TRUE,2
4,"ACGGTAACTCTAGGAAACATAT","TGTTATAGCAATAATTACCCTGATAT","CTYZ_00003251",0.83,0.82,0.01,TRUE,TRUE,2
6,"ACGGTAACTCTAGGAAACATAT","TGTGTTATAGCAATAATTACCCTG","CTYZ_00003251",0.83,0.81,0.02,TRUE,TRUE,2
8,"ACGGTAACTCTAGGAAACATAT","AATTACCCTGATATACTCTTTCAC","CTYZ_00003251",0.83,0.82,0.01,TRUE,TRUE,2
9,"ACGGTAACTCTAGGAAACATAT","TGTTATAGCAATAATTACCCTGATA","CTYZ_00003251",0.83,0.82,0.01,TRUE,TRUE,2
10,"ACGGTAACTCTAGGAAACATAT","GTGTTATAGCAATAATTACCCTGA","CTYZ_00003251",0.83,0.83,0,TRUE,TRUE,2
1,"GCAGGGGAAAGTATTAAAAACTT","GCTCTAACTCATTCTTTAAAACTTTT","CTYZ_00003981",0.94,0.92,0.02,TRUE,TRUE,2
2,"GCAGGGGAAAGTATTAAAAACTT","AGTTCACACCACAGATTAATTTT","CTYZ_00003981",0.94,0.88,0.06,TRUE,TRUE,2
4,"GCAGGGGAAAGTATTAAAAACTT","TCAATTAACACTGCAATTATCCTT","CTYZ_00003981",0.94,0.95,0.01,TRUE,TRUE,2
5,"GCAGGGGAAAGTATTAAAAACTT","CCTTATAGTTCACACCACAGATT","CTYZ_00003981",0.94,0.96,0.02,TRUE,TRUE,2
6,"GCAGGGGAAAGTATTAAAAACTT","ATAGTTCACACCACAGATTAATT","CTYZ_00003981",0.94,0.85,0.09,TRUE,TRUE,2
7,"GCAGGGGAAAGTATTAAAAACTT","CACACCACAGATTAATTTTCAATT","CTYZ_00003981",0.94,0.87,0.07,TRUE,TRUE,2
8,"GCAGGGGAAAGTATTAAAAACTT","TCAATTAACACTGCAATTATCCT","CTYZ_00003981",0.94,0.85,0.09,TRUE,TRUE,2
10,"GCAGGGGAAAGTATTAAAAACTT","CCTTATAGTTCACACCACAGAT","CTYZ_00003981",0.94,0.86,0.08,TRUE,TRUE,2
5,"AAAATCGAAATCTGAAATGTCTG","TCAAACTCACAAGCCTCTC","CTYZ_00002506",0.82,0.9,0.08,TRUE,TRUE,1
7,"AAAATCGAAATCTGAAATGTCTG","GTCAAACTCACAAGCCTCT","CTYZ_00002506",0.82,0.85,0.03,TRUE,TRUE,1
2,"AGAGCAGTTCGTAAACAACT","TCAAGATAATATTGGGACGTTTT","CTYZ_00003160",0.83,0.89,0.06,TRUE,TRUE,1
4,"AGAGCAGTTCGTAAACAACT","GTCAAGATAATATTGGGACGTTT","CTYZ_00003160",0.83,0.91,0.08,TRUE,TRUE,1
7,"AGAGCAGTTCGTAAACAACT","ATATACTTACGCATTCATACGTT","CTYZ_00003160",0.83,0.8,0.03,TRUE,TRUE,1
8,"AGAGCAGTTCGTAAACAACT","GTCAAGATAATATTGGGACGTT","CTYZ_00003160",0.83,0.84,0.01,TRUE,TRUE,1
6,"CCACAATTCAAAGGGTTGG","TGCTTTGATCTTGAAGAATGC","CTYZ_00003902",0.78,0.86,0.08,TRUE,TRUE,1
10,"CCACAATTCAAAGGGTTGG","AAGAATGCCTAGATCTTGAGA","CTYZ_00003902",0.78,0.86,0.08,TRUE,TRUE,1
1,"TCGTCTTTACATGTTAAAACCAT","CCTTGGAGCATACACCTTT","CTYZ_00000498",0.86,0.91,0.05,TRUE,TRUE,2
2,"TCGTCTTTACATGTTAAAACCAT","GTTGGAAAAGTAATAGTGCCTT","CTYZ_00000498",0.86,0.82,0.04,TRUE,TRUE,2
3,"TCGTCTTTACATGTTAAAACCAT","CCTTGGAGCATACACCTT","CTYZ_00000498",0.86,0.84,0.02,TRUE,TRUE,2
4,"TCGTCTTTACATGTTAAAACCAT","GGTAATTTTGTTGGAAAAGTAATAGT","CTYZ_00000498",0.86,0.82,0.04,TRUE,TRUE,2
8,"TCGTCTTTACATGTTAAAACCAT","GCCTTGGAGCATACACCT","CTYZ_00000498",0.86,0.94,0.08,TRUE,TRUE,2
1,"TTTTCGTTTTCTCAACTAAAAAAATC","TCTTGTGATTCTGATAACTCTATTT","CTYZ_00002829",0.82,0.88,0.06,TRUE,TRUE,1
2,"TTTTCGTTTTCTCAACTAAAAAAATC","TTCTTGTGATTCTGATAACTCTATT","CTYZ_00002829",0.82,0.83,0.01,TRUE,TRUE,1
5,"TTTTCGTTTTCTCAACTAAAAAAATC","TCATTATCTGTTTCTTGTGATTCT","CTYZ_00002829",0.82,0.8,0.02,TRUE,TRUE,1
6,"TTTTCGTTTTCTCAACTAAAAAAATC","GTTTCTTGTGATTCTGATAACTCT","CTYZ_00002829",0.82,0.84,0.02,TRUE,TRUE,1
7,"TTTTCGTTTTCTCAACTAAAAAAATC","TCTTCCGAAACTTTCAGCT","CTYZ_00002829",0.82,0.8,0.02,TRUE,TRUE,1
10,"TTTTCGTTTTCTCAACTAAAAAAATC","TTTCTTGTGATTCTGATAACTCTAT","CTYZ_00002829",0.82,0.8,0.02,TRUE,TRUE,1
4,"AAGCAAAGTATTATTTTTATCGCTAT","TCAGAAATGTCTACAGGTTTTTT","CTYZ_00003162",0.9,0.89,0.01,TRUE,TRUE,1
5,"AAGCAAAGTATTATTTTTATCGCTAT","CTCAGAAATGTCTACAGGTTTTT","CTYZ_00003162",0.9,0.88,0.02,TRUE,TRUE,1
7,"AAGCAAAGTATTATTTTTATCGCTAT","GCTCAGAAATGTCTACAGGTTT","CTYZ_00003162",0.9,0.96,0.06,TRUE,TRUE,1
8,"AAGCAAAGTATTATTTTTATCGCTAT","GCTCAGAAATGTCTACAGGTT","CTYZ_00003162",0.9,0.93,0.03,TRUE,TRUE,1
9,"AAGCAAAGTATTATTTTTATCGCTAT","CATTTTCAACCAAAAATTTAGCTATT","CTYZ_00003162",0.9,0.85,0.05,TRUE,TRUE,1
1,"TGTTGGCAGAAAATATTCCTTG","GAAATTTGAGAAATCCATCTCCT","CTYZ_00003603",0.88,0.84,0.04,TRUE,TRUE,1
8,"TGTTGGCAGAAAATATTCCTTG","TCCATCTCCTCCATGCC","CTYZ_00003603",0.88,0.9,0.02,TRUE,TRUE,1
9,"TGTTGGCAGAAAATATTCCTTG","TGAAATTTGAGAAATCCATCTCC","CTYZ_00003603",0.88,0.82,0.06,TRUE,TRUE,1
10,"TGTTGGCAGAAAATATTCCTTG","TCCATGCCCTGTTAGAAATAT","CTYZ_00003603",0.88,0.9,0.02,TRUE,TRUE,1
5,"CCAAAGGGTGAAAAGAAGAC","TTTGTCCGTGAGTCTGTT","CTYZ_00002348",0.75,0.8,0.05,TRUE,TRUE,1
8,"TTATTGTAAAAGTCTTGACCAAAATA","ACAATATAATAAGTAATATTCCGGGA","CTYZ_00003424",0.87,0.8,0.07,TRUE,TRUE,1
3,"TGAGCATGGATTAAACGAAAAA","GGTTGTTTACGAAATTTGATATCC","CTYZ_00003325",0.85,0.84,0.01,TRUE,TRUE,1
5,"TGAGCATGGATTAAACGAAAAA","AACATATGGTTGTTTACGAAATTT","CTYZ_00003325",0.85,0.88,0.03,TRUE,TRUE,1
7,"TGAGCATGGATTAAACGAAAAA","TGGTTGTTTACGAAATTTGATATC","CTYZ_00003325",0.85,0.81,0.04,TRUE,TRUE,1
10,"TGAGCATGGATTAAACGAAAAA","ATATGGTTGTTTACGAAATTTGATAT","CTYZ_00003325",0.85,0.89,0.04,TRUE,TRUE,1
10,"TCAAAATATTGACATTGAAAAGTGG","TTTAACTTTCTATTTGCCTGTTTT","CTYZ_00001778",0.88,0.81,0.07,TRUE,TRUE,1
1,"ACTCATATATTGTTCCCAAAAAACT","TTCTTCTTCTTTTCGTTAGATTTTT","CTYZ_00003663",0.84,0.81,0.03,TRUE,TRUE,1
2,"ACTCATATATTGTTCCCAAAAAACT","TTTCTTCTTCTTTTCGTTAGATTTT","CTYZ_00003663",0.84,0.81,0.03,TRUE,TRUE,1
3,"ACTCATATATTGTTCCCAAAAAACT","TTTTCATATAATTCCACAATTAGCTT","CTYZ_00003663",0.84,0.84,0,TRUE,TRUE,1
4,"ACTCATATATTGTTCCCAAAAAACT","CTATTTCTTCTTCTTTTCGTTAGATT","CTYZ_00003663",0.84,0.84,0,TRUE,TRUE,1
5,"ACTCATATATTGTTCCCAAAAAACT","ATAATTCCACAATTAGCTTGCT","CTYZ_00003663",0.84,0.81,0.03,TRUE,TRUE,1
9,"ACTCATATATTGTTCCCAAAAAACT","TCTTCTTCTTTTCGTTAGATTTTTC","CTYZ_00003663",0.84,0.87,0.03,TRUE,TRUE,1
10,"ACTCATATATTGTTCCCAAAAAACT","CATATAATTCCACAATTAGCTTGC","CTYZ_00003663",0.84,0.82,0.02,TRUE,TRUE,1
2,"TCCGTTATTTATGGTATTGATAGG","GCCATTTGACGATATATTTTCGT","CTYZ_00003591",0.8,0.88,0.08,TRUE,TRUE,3
3,"TCCGTTATTTATGGTATTGATAGG","ATATTTTCGTTAAAAAGTCAAGCA","CTYZ_00003591",0.8,0.8,0,TRUE,TRUE,3
6,"TCCGTTATTTATGGTATTGATAGG","GTAGAGACGAGAAGCCAAAA","CTYZ_00003591",0.8,0.86,0.06,TRUE,TRUE,3
7,"TCCGTTATTTATGGTATTGATAGG","AGTCAAGCATTCGATCTTTAAG","CTYZ_00003591",0.8,0.8,0,TRUE,TRUE,3
9,"TCCGTTATTTATGGTATTGATAGG","AAAATAAGCCATTTGACGATATATT","CTYZ_00003591",0.8,0.87,0.07,TRUE,TRUE,3
1,"CAGGCCACTCTCAGGAA","AAAAAGCATACTCCAGTAATCC","CTYZ_00000065",0.85,0.84,0.01,TRUE,TRUE,2
2,"CAGGCCACTCTCAGGAA","CCATATCATCATACAGACCCAAA","CTYZ_00000065",0.85,0.93,0.08,TRUE,TRUE,2
4,"CAGGCCACTCTCAGGAA","AAAAAAAAGCATACTCCAGTAATC","CTYZ_00000065",0.85,0.87,0.02,TRUE,TRUE,2
5,"CAGGCCACTCTCAGGAA","ATAAATCAGCAGGAACCATATC","CTYZ_00000065",0.85,0.84,0.01,TRUE,TRUE,2
7,"CAGGCCACTCTCAGGAA","CCAGTAATCCCTCTTAATGAAATA","CTYZ_00000065",0.85,0.85,0,TRUE,TRUE,2
8,"CAGGCCACTCTCAGGAA","CATACTCCAGTAATCCCTCTT","CTYZ_00000065",0.85,0.81,0.04,TRUE,TRUE,2
9,"CAGGCCACTCTCAGGAA","AGACCCAAAAAAAAGCATACTC","CTYZ_00000065",0.85,0.89,0.04,TRUE,TRUE,2
10,"CAGGCCACTCTCAGGAA","AAGCATACTCCAGTAATCCC","CTYZ_00000065",0.85,0.85,0,TRUE,TRUE,2
3,"GCTGGGTTGCTAACTACG","TCAATTATTTCTGCTGAGCTTAT","CTYZ_00002048",0.88,0.85,0.03,TRUE,TRUE,1
5,"GCTGGGTTGCTAACTACG","CAATTATTTCTGCTGAGCTTATTT","CTYZ_00002048",0.88,0.83,0.05,TRUE,TRUE,1
6,"GCTGGGTTGCTAACTACG","TCAATTATTTCTGCTGAGCTTATT","CTYZ_00002048",0.88,0.93,0.05,TRUE,TRUE,1
7,"GCTGGGTTGCTAACTACG","CTCAATTATTTCTGCTGAGCTTA","CTYZ_00002048",0.88,0.91,0.03,TRUE,TRUE,1
9,"GCTGGGTTGCTAACTACG","AATTATTTCTGCTGAGCTTATTTTTA","CTYZ_00002048",0.88,0.93,0.05,TRUE,TRUE,1
1,"AGCTCTATTTTGGAAGAAAAGATA","AATAGATAATTCGGATAAGAGCTTT","CTYZ_00000820",0.87,0.92,0.05,TRUE,TRUE,1
2,"AGCTCTATTTTGGAAGAAAAGATA","AAATAGATAATTCGGATAAGAGCTT","CTYZ_00000820",0.87,0.92,0.05,TRUE,TRUE,1
3,"AGCTCTATTTTGGAAGAAAAGATA","AGATAATTCGGATAAGAGCTTTAATT","CTYZ_00000820",0.87,0.92,0.05,TRUE,TRUE,1
4,"AGCTCTATTTTGGAAGAAAAGATA","TTATCCCCAGCAAAATAGATAATT","CTYZ_00000820",0.87,0.89,0.02,TRUE,TRUE,1
5,"AGCTCTATTTTGGAAGAAAAGATA","CCAGCAAAATAGATAATTCGGAT","CTYZ_00000820",0.87,0.85,0.02,TRUE,TRUE,1
9,"AGCTCTATTTTGGAAGAAAAGATA","CCCAGCAAAATAGATAATTCGG","CTYZ_00000820",0.87,0.88,0.01,TRUE,TRUE,1
10,"AGCTCTATTTTGGAAGAAAAGATA","CCCCAGCAAAATAGATAATTCG","CTYZ_00000820",0.87,0.88,0.01,TRUE,TRUE,1
1,"TCTCAATCCCAATATTCTTCAGA","GGGTTTAGATTTAAGTTTTTGAACAA","CTYZ_00003626",0.92,0.88,0.04,TRUE,TRUE,1
2,"TCTCAATCCCAATATTCTTCAGA","ACGGGTTTAGATTTAAGTTTTTGA","CTYZ_00003626",0.92,0.92,0,TRUE,TRUE,1
5,"TCTCAATCCCAATATTCTTCAGA","GAACAATTTGATTATTTGACTCATCT","CTYZ_00003626",0.92,0.88,0.04,TRUE,TRUE,1
6,"TCTCAATCCCAATATTCTTCAGA","CGGGTTTAGATTTAAGTTTTTGAAC","CTYZ_00003626",0.92,0.91,0.01,TRUE,TRUE,1
5,"TTAAAAGAGCTATTCTCCAATAAATC","TCAGTTTGGTAAATTTTTTTCTGG","CTYZ_00002199",0.77,0.86,0.09,TRUE,TRUE,1
7,"AGAGCTATTCTCCAATAAATCAATT","AAGTCAGTTTGGTAAATTTTTTTCT","CTYZ_00002199",0.88,0.87,0.01,TRUE,TRUE,1
8,"AGAGCTATTCTCCAATAAATCAATT","AGTCAGTTTGGTAAATTTTTTTCTG","CTYZ_00002199",0.88,0.86,0.02,TRUE,TRUE,1
9,"AGAGCTATTCTCCAATAAATCAATT","TCAGTTTGGTAAATTTTTTTCTGG","CTYZ_00002199",0.88,0.86,0.02,TRUE,TRUE,1
4,"TGATCCAGAATATTGGGCTG","TTTCCATCCTTCTTCTCCTC","CTYZ_00003957",0.82,0.82,0,TRUE,TRUE,2
