pair,forward_primer,reverse_primer,BLAST_MUS_PASS,Product_bp,Start_Pos,End_Pos,BLAST_SPECIFICITY_PASS,GeneID,Fwd_Eff,Rev_Eff,deltaEff,Vis_PASS_Fwd,Vis_PASS_Rev,MPA_PASS_CrossDimer,SMS_PASS_Fwd,SMS_PASS_Rev,SNPs_covered
3,GAGATTCGCTACTATCCCTTAA,TTATTTGCTCCATTTCCTGC,NA,295,27083,27377,F,CTYZ_00003592,0.89,0.82,0.07,TRUE,TRUE,TRUE,TRUE,TRUE,1
6,TCAAGAAAGCCAAAAGCCT,TGAGGACATATATAAAGAAGTGGT,NA,325,362497,362173,F,CTYZ_00000730,0.87,0.85,0.02,TRUE,TRUE,TRUE,TRUE,TRUE,2
7,TCAAGAAAGCCAAAAGCCT,GCCAAGCATTCACTGGT,NA,291,362497,362207,F,CTYZ_00000730,0.87,0.83,0.04,TRUE,TRUE,TRUE,TRUE,TRUE,2
1,AATCAACTCCAGTATTAGGGTA,CGGGTTCTAAAACTCTAAGCA,T,254,895257,895004,T,CTYZ_00000395,0.91,0.9,0.01,TRUE,TRUE,TRUE,TRUE,TRUE,1
4,AATCAACTCCAGTATTAGGGTA,CCTTCCAGTTTGGTCGATT,T,281,895257,894977,T,CTYZ_00000395,0.91,0.87,0.04,TRUE,TRUE,TRUE,TRUE,TRUE,1
1,GTTTAGAAGAAGTTTTGGAGAGA,GTCGTATTTACTTGCAACATTC,T,263,1162221,1162483,T,CTYZ_00001701,0.81,0.81,0,TRUE,TRUE,TRUE,TRUE,TRUE,2
6,GTTTAGAAGAAGTTTTGGAGAGA,CTCTTGGTCGTATTTACTTGC,T,269,1162221,1162489,T,CTYZ_00001701,0.81,0.83,0.02,TRUE,TRUE,TRUE,TRUE,TRUE,2
8,GTTTAGAAGAAGTTTTGGAGAGA,GCTTTCCTCTTGGTCGTATT,F,275,1162221,1162495,T,CTYZ_00001701,0.81,0.9,0.09,TRUE,TRUE,TRUE,TRUE,TRUE,2
2,TGTTCCGATTTATCAAAGACTT,GTTTAAGTGATCTGCAATTGTTT,T,310,249835,250144,T,CTYZ_00001280,0.79,0.86,0.07,TRUE,TRUE,TRUE,TRUE,TRUE,2
6,GGGTACATGTGTTGGAACTT,TCAAAGTTTTCAGAAGAAATAGATCT,T,333,342601,342933,T,CTYZ_00003312,0.93,0.89,0.04,TRUE,TRUE,TRUE,TRUE,TRUE,1
9,GGAGAGAAAGAAGCAGACTAT,GGTTGACATTGATGAATCCTTC,T,274,615797,616070,T,CTYZ_00000259,0.84,0.9,0.06,TRUE,TRUE,TRUE,TRUE,TRUE,1
2,AGCCTTAAATAAATCAGGAAAACA,TCTATTTTGAACGAGGTACATTC,T,345,294224,294568,T,CTYZ_00003289,0.85,0.89,0.04,TRUE,TRUE,TRUE,TRUE,TRUE,3
6,AGCCTTAAATAAATCAGGAAAACA,TGCCTAAATATTAGCTTACCAATAG,T,279,294224,294502,T,CTYZ_00003289,0.85,0.84,0.01,TRUE,TRUE,TRUE,TRUE,TRUE,3
7,AGCCTTAAATAAATCAGGAAAACA,TGAACGAGGTACATTCTTTGT,T,338,294224,294561,T,CTYZ_00003289,0.85,0.83,0.02,TRUE,TRUE,TRUE,TRUE,TRUE,3
8,TTGGGGTCAAACTAAAACATC,AACTTTTCTTGTAGCTTTTGATTT,F,292,270673,270382,T,CTYZ_00000700,0.82,0.91,0.09,TRUE,TRUE,TRUE,TRUE,TRUE,3
9,TTGGGGTCAAACTAAAACATC,ACAAACAAATATATCACAAAATCCTT,T,334,270673,270340,T,CTYZ_00000700,0.82,0.88,0.06,TRUE,TRUE,TRUE,TRUE,TRUE,3
6,GGTGCAGAAAGTAAAACAACC,CTGGCTTCATATTGAATCATCTT,F,252,749671,749420,T,CTYZ_00000928,0.92,0.9,0.02,TRUE,TRUE,TRUE,TRUE,TRUE,1
1,AACAAACACCAAGAAAAGGAT,TCATTTTAGTTTGTTTGTAAGGTATT,T,258,558169,558426,T,CTYZ_00001426,0.83,0.88,0.05,TRUE,TRUE,TRUE,TRUE,TRUE,1
5,AACAAACACCAAGAAAAGGATA,TCATTTTAGTTTGTTTGTAAGGTATT,T,258,558169,558426,T,CTYZ_00001426,0.93,0.88,0.05,TRUE,TRUE,TRUE,TRUE,TRUE,1
9,AGGAACAAACACCAAGAAAAG,TCATTTTAGTTTGTTTGTAAGGTATT,F,261,558166,558426,T,CTYZ_00001426,0.82,0.88,0.06,TRUE,TRUE,TRUE,TRUE,TRUE,1
5,AAAATCGAAATCTGAAATGTCTG,TCAAACTCACAAGCCTCTC,T,347,514115,514461,T,CTYZ_00002506,0.82,0.9,0.08,TRUE,TRUE,TRUE,TRUE,TRUE,1
7,AAAATCGAAATCTGAAATGTCTG,GTCAAACTCACAAGCCTCT,F,348,514115,514462,T,CTYZ_00002506,0.82,0.85,0.03,TRUE,TRUE,TRUE,TRUE,TRUE,1
10,CCACAATTCAAAGGGTTGG,AAGAATGCCTAGATCTTGAGA,T,261,669807,669547,T,CTYZ_00003902,0.78,0.86,0.08,TRUE,TRUE,TRUE,TRUE,TRUE,1
5,CCAAAGGGTGAAAAGAAGAC,TTTGTCCGTGAGTCTGTT,T,295,239895,240189,T,CTYZ_00002348,0.75,0.8,0.05,TRUE,TRUE,TRUE,TRUE,TRUE,1
10,TCAAAATATTGACATTGAAAAGTGG,TTTAACTTTCTATTTGCCTGTTTT,T,297,46422,46718,T,CTYZ_00001778,0.88,0.81,0.07,TRUE,TRUE,TRUE,TRUE,TRUE,1
6,TCCGTTATTTATGGTATTGATAGG,GTAGAGACGAGAAGCCAAAA,T,304,24995,25298,T,CTYZ_00003591,0.8,0.86,0.06,TRUE,TRUE,TRUE,TRUE,TRUE,3
7,TCCGTTATTTATGGTATTGATAGG,AGTCAAGCATTCGATCTTTAAG,T,253,24995,25247,T,CTYZ_00003591,0.8,0.8,0,TRUE,TRUE,TRUE,TRUE,TRUE,3
2,CAGGCCACTCTCAGGAA,CCATATCATCATACAGACCCAAA,T,335,146548,146214,T,CTYZ_00000065,0.85,0.93,0.08,TRUE,TRUE,TRUE,TRUE,TRUE,2
5,CAGGCCACTCTCAGGAA,ATAAATCAGCAGGAACCATATC,T,350,146548,146199,T,CTYZ_00000065,0.85,0.84,0.01,TRUE,TRUE,TRUE,TRUE,TRUE,2
10,CAGGCCACTCTCAGGAA,AAGCATACTCCAGTAATCCC,F,309,146548,146240,T,CTYZ_00000065,0.85,0.85,0,TRUE,TRUE,TRUE,TRUE,TRUE,2
5,TCTCAATCCCAATATTCTTCAGA,GAACAATTTGATTATTTGACTCATCT,T,253,94157,93905,T,CTYZ_00003626,0.92,0.88,0.04,TRUE,TRUE,TRUE,TRUE,TRUE,1