1,"GCATTATGAGCAAGAAACGATC","TCTAAGGTAGGTCCCTAAAATTT","CTYZ_00002277",0.96,0.88,0.08,TRUE
2,"GCATTATGAGCAAGAAACGATC","CAATCCTGATATTAGTCCTAATGTT","CTYZ_00002277",0.96,0.88,0.08,TRUE
1,"AGCTTGACAGAGTTGAAAATTTA","TTTTCTTCTCAATTTTTCTTTCCTT","CTYZ_00002280",0.91,0.86,0.05,TRUE
2,"AGCTTGACAGAGTTGAAAATTTA","GTTTTCTTCTCAATTTTTCTTTCCT","CTYZ_00002280",0.91,0.84,0.07,TRUE
5,"AGCTTGACAGAGTTGAAAATTTA","CGTTTTCTTCTCAATTTTTCTTTCC","CTYZ_00002280",0.91,0.94,0.03,TRUE
9,"AGCTTGACAGAGTTGAAAATTTA","TCTTCTCAATTTTTCTTTCCTTGA","CTYZ_00002280",0.91,0.92,0.01,TRUE
1,"AAGGAGATCAGACTAAAACTGA","ACTTTCACAATCACCATCATTT","CTYZ_00000582",0.88,0.88,0,TRUE
2,"AAGGAGATCAGACTAAAACTGA","ACTTTCACAATCACCATCATT","CTYZ_00000582",0.88,0.8,0.08,TRUE
5,"AAGGAGATCAGACTAAAACTGA","TTCACAATCACCATCATTTCC","CTYZ_00000582",0.88,0.8,0.08,TRUE
6,"AAGGAGATCAGACTAAAACTGA","CACAATCACCATCATTTCCC","CTYZ_00000582",0.88,0.82,0.06,TRUE
8,"TTATATTTATACGAAGAGAAAATCGC","AGAAGTCCCTGATCCCTTT","CTYZ_00000582",0.8,0.86,0.06,TRUE
9,"TTATATTTATACGAAGAGAAAATCGC","CCTGGTTTATCATTGGGATTT","CTYZ_00000582",0.8,0.79,0.01,TRUE
10,"TTATATTTATACGAAGAGAAAATCGC","AGAAGTCCCTGATCCCTT","CTYZ_00000582",0.8,0.76,0.04,TRUE
1,"ATCCCTTTAAGAATGAAACCATT","AATTTATTAAAACTTACCTCTCCTCT","CTYZ_00002116",0.84,0.88,0.04,TRUE
2,"ATTGTCGATTTTTTTTTTAAATTGGT","CTACAAGACAAAAACTTAGTATCTTT","CTYZ_00002116",0.79,0.82,0.03,TRUE
3,"ATTGTCGATTTTTTTTTTAAATTGGT","CTATTTACAAGCATTGGTAAAGTT","CTYZ_00002116",0.79,0.77,0.02,TRUE
5,"ATTGTCGATTTTTTTTTTAAATTGGT","CTTGAAACTACAAGACAAAAACTT","CTYZ_00002116",0.79,0.83,0.04,TRUE
9,"ATTGTCGATTTTTTTTTTAAATTGGT","TTACAAGCATTGGTAAAGTTGT","CTYZ_00002116",0.79,0.8,0.01,TRUE
1,"GTATCCCAAGCCAAAATGAG","ATCCTCCTATGAATTCTCCATT","CTYZ_00001597",0.79,0.85,0.06,TRUE
4,"GTATCCCAAGCCAAAATGAG","GCATCTTTTGGTATTTCATTAACT","CTYZ_00001597",0.79,0.74,0.05,TRUE
5,"GTATCCCAAGCCAAAATGAG","AATCCTCCTATGAATTCTCCAT","CTYZ_00001597",0.79,0.86,0.07,TRUE
6,"GTATCCCAAGCCAAAATGAG","GGTATTTCATTAACTAACTCACCAT","CTYZ_00001597",0.79,0.87,0.08,TRUE
7,"GTATCCCAAGCCAAAATGAG","GTATTTCATTAACTAACTCACCATTG","CTYZ_00001597",0.79,0.85,0.06,TRUE
9,"GTATCCCAAGCCAAAATGAG","CATTTCATTCAAGATATCTAATCCTC","CTYZ_00001597",0.79,0.79,0,TRUE
10,"GTATCCCAAGCCAAAATGAG","TCTTTTGGTATTTCATTAACTAACTC","CTYZ_00001597",0.79,0.84,0.05,TRUE
1,"CTGTACAAAACCCACAAAAAAAA","CGATTTGAAATTGATTTTGCTTTT","CTYZ_00001180",0.84,0.86,0.02,TRUE
2,"CTGTACAAAACCCACAAAAAAAA","TGATTGTTTCTTTATCCCCTTTT","CTYZ_00001180",0.84,0.88,0.04,TRUE
5,"CTGTACAAAACCCACAAAAAAAA","TGCCGTTGATTGTTTCTTT","CTYZ_00001180",0.84,0.81,0.03,TRUE
6,"CTGTACAAAACCCACAAAAAAAA","ACGATTTGAAATTGATTTTGCTTT","CTYZ_00001180",0.84,0.93,0.09,TRUE
7,"CTGTACAAAACCCACAAAAAAAA","TTGATTGTTTCTTTATCCCCTTT","CTYZ_00001180",0.84,0.88,0.04,TRUE
8,"CTGTACAAAACCCACAAAAAAAA","GGTATGAACGATTTGAAATTGATTT","CTYZ_00001180",0.84,0.93,0.09,TRUE
9,"CTGTACAAAACCCACAAAAAAAA","TCTCAAAATGGTATGAACGATTT","CTYZ_00001180",0.84,0.93,0.09,TRUE
10,"CTGTACAAAACCCACAAAAAAAA","TGAAATTGCCGTTGATTGTT","CTYZ_00001180",0.84,0.9,0.06,TRUE
3,"GGATTTTGTTAGAGAAAAAGCC","GCCTTTTCAAGAAGTAATAATGG","CTYZ_00000242",0.71,0.68,0.03,TRUE
5,"GGATTTTGTTAGAGAAAAAGCC","CTTTTCAAGAAGTAATAATGGGATAC","CTYZ_00000242",0.71,0.78,0.07,TRUE
8,"ACTTCAAATTTGATTTCAAAAAGATC","GGGATACCAATACAATTTCATTATTT","CTYZ_00000242",0.77,0.72,0.05,TRUE
1,"TTCATCTCTTCCATAAACAAAAAATA","CGGTAAATCGCAGTCATTATT","CTYZ_00003845",0.87,0.89,0.02,TRUE
2,"TTCATCTCTTCCATAAACAAAAAATA","ACGGTAAATCGCAGTCATT","CTYZ_00003845",0.87,0.91,0.04,TRUE
4,"TTCATCTCTTCCATAAACAAAAAATA","CGGTAAATCGCAGTCATTAT","CTYZ_00003845",0.87,0.78,0.09,TRUE
6,"TTCATCTCTTCCATAAACAAAAAATA","CGGTAAATCGCAGTCATTATTG","CTYZ_00003845",0.87,0.93,0.06,TRUE
7,"TTCATCTCTTCCATAAACAAAAAATA","CAGTCATTATTGCAACTACATTC","CTYZ_00003845",0.87,0.78,0.09,TRUE
8,"TTCATCTCTTCCATAAACAAAAAATA","TGACGGTAAATCGCAGTC","CTYZ_00003845",0.87,0.86,0.01,TRUE
10,"TTCATCTCTTCCATAAACAAAAAATA","ACGGTAAATCGCAGTCATTA","CTYZ_00003845",0.87,0.93,0.06,TRUE
3,"GCGTCTTCAGAAAAAACAAACA","GAAACTTGCTTAACCTGAGAAA","CTYZ_00003396",0.95,0.87,0.08,TRUE
4,"GCGTCTTCAGAAAAAACAAACA","ACTTGCTTAACCTGAGAAAGA","CTYZ_00003396",0.95,0.87,0.08,TRUE
5,"GCGTCTTCAGAAAAAACAAACA","GATGAAACTTGCTTAACCTGA","CTYZ_00003396",0.95,0.86,0.09,TRUE
9,"GCGTCTTCAGAAAAAACAAACA","AGACTTTGATGAAACTTGCTTA","CTYZ_00003396",0.95,0.87,0.08,TRUE
1,"CGATTTCATGTTAAGTAATGGAGT","CCAATAATTGTTCTAATTTCTCGTT","CTYZ_00002887",0.88,0.86,0.02,TRUE
3,"CGATTTCATGTTAAGTAATGGAGT","TCCATTCTCAAAATACAACTAAAAAT","CTYZ_00002887",0.88,0.81,0.07,TRUE
4,"CGATTTCATGTTAAGTAATGGAGT","GCCAATAATTGTTCTAATTTCTCGT","CTYZ_00002887",0.88,0.95,0.07,TRUE
5,"CGATTTCATGTTAAGTAATGGAGT","ACAACTAAAAATTTCCGCCAA","CTYZ_00002887",0.88,0.84,0.04,TRUE
7,"CGATTTCATGTTAAGTAATGGAGT","GCCAATAATTGTTCTAATTTCTCG","CTYZ_00002887",0.88,0.83,0.05,TRUE
8,"CGATTTCATGTTAAGTAATGGAGT","CAACTAAAAATTTCCGCCAATAA","CTYZ_00002887",0.88,0.84,0.04,TRUE
9,"CGATTTCATGTTAAGTAATGGAGT","CGCCAATAATTGTTCTAATTTCTC","CTYZ_00002887",0.88,0.87,0.01,TRUE
10,"CGATTTCATGTTAAGTAATGGAGT","TCCGCCAATAATTGTTCTAATT","CTYZ_00002887",0.88,0.89,0.01,TRUE
4,"AGAGTTGGTTTAACAGAAAAATATG","TCCTAACTTTTCAACCGAGT","CTYZ_00001733",0.73,0.82,0.09,TRUE
10,"AGAGTTGGTTTAACAGAAAAATATG","CTTTTCAACCGAGTCCAAAT","CTYZ_00001733",0.73,0.74,0.01,TRUE
3,"CTCAATTTGATGGAATTGGGT","CCTAGAAATTGCAGTAACACA","CTYZ_00002883",0.75,0.71,0.04,TRUE
5,"CTCAATTTGATGGAATTGGGT","TCCTAATTTGTCTGTATTTTTCCT","CTYZ_00002883",0.75,0.83,0.08,TRUE
7,"CTCAATTTGATGGAATTGGGT","CTCTCCTAATTTGTCTGTATTTTTC","CTYZ_00002883",0.75,0.81,0.06,TRUE
9,"CTCAATTTGATGGAATTGGGT","CTCCTAATTTGTCTGTATTTTTCC","CTYZ_00002883",0.75,0.72,0.03,TRUE
10,"CTCAATTTGATGGAATTGGGT","CCACCTCTCCTAATTTGTCT","CTYZ_00002883",0.75,0.76,0.01,TRUE
3,"TTGTTTCTTATCTGCTATAAAAATGT","ACAAATTCAACAGTCAAACTTTT","CTYZ_00002882",0.72,0.8,0.08,TRUE
9,"TTGTTTCTTATCTGCTATAAAAATGT","ATTCAACAGTCAAACTTTTAATCTT","CTYZ_00002882",0.72,0.81,0.09,TRUE
3,"GAAGTTTTATACAGGGAGACTTTT","GGCTCAGAAGCTTCAACG","CTYZ_00000142",0.92,0.87,0.05,TRUE
5,"GAAGTTTTATACAGGGAGACTTTT","ACGGGAATATTGTCAGATCTTAT","CTYZ_00000142",0.92,0.92,0,TRUE
6,"GAAGTTTTATACAGGGAGACTTTT","GCTTCAACGGGAATATTGTCA","CTYZ_00000142",0.92,0.95,0.03,TRUE
7,"GAAGTTTTATACAGGGAGACTTTT","GGAATATTGTCAGATCTTATATCAGC","CTYZ_00000142",0.92,0.92,0,TRUE
9,"GAAGTTTTATACAGGGAGACTTTT","GCAGGTGAGGATACTAAAGTTT","CTYZ_00000142",0.92,0.88,0.04,TRUE
3,"ATGAAGAAACTGGAGAAAAAAAC","GTTGATATAAGGCAGAATGATTTT","CTYZ_00000750",0.7,0.76,0.06,TRUE
1,"CAAGAACATTTGAGACCTTCTC","CGTCATATTTTGCTTCTGCTAC","CTYZ_00003986",0.86,0.88,0.02,TRUE
2,"CAAGAACATTTGAGACCTTCTC","TCTGCTACATATCCGAGCT","CTYZ_00003986",0.86,0.88,0.02,TRUE
3,"CAAGAACATTTGAGACCTTCTC","GCTACATATCCGAGCTGC","CTYZ_00003986",0.86,0.85,0.01,TRUE
4,"CAAGAACATTTGAGACCTTCTC","TCCAGAGACATGATCAACAATA","CTYZ_00003986",0.86,0.94,0.08,TRUE
6,"CAAGAACATTTGAGACCTTCTC","GCTTCTGCTACATATCCGAG","CTYZ_00003986",0.86,0.87,0.01,TRUE
7,"CAAGAACATTTGAGACCTTCTC","TGTGGCTATAGGAAGCAATA","CTYZ_00003986",0.86,0.81,0.05,TRUE
9,"CAAGAACATTTGAGACCTTCTC","ACATTGTGGCTATAGGAAGC","CTYZ_00003986",0.86,0.86,0,TRUE
1,"GAAGCTTCAGGGAAAAAACA","CTTGAACTACTTTTTTGCACTTT","CTYZ_00000013",0.82,0.87,0.05,TRUE
5,"GAAGCTTCAGGGAAAAAACA","GATTTGCTTCCATCATTAACTATATT","CTYZ_00000013",0.82,0.91,0.09,TRUE
6,"GAAGCTTCAGGGAAAAAACA","TCCTATACATACAAGCCTAGATT","CTYZ_00000013",0.82,0.89,0.07,TRUE
7,"GAAGCTTCAGGGAAAAAACA","CCTAGATTTGCTTCCATCATT","CTYZ_00000013",0.82,0.79,0.03,TRUE
10,"GAAGCTTCAGGGAAAAAACA","AGATTTGCTTCCATCATTAACTAT","CTYZ_00000013",0.82,0.85,0.03,TRUE
3,"CGAAGTTGGAAAAATTCAAAAAATT","GATTACTGTTTCAACTTGAAATGG","CTYZ_00000983",0.87,0.86,0.01,TRUE
5,"CATGCGAAGTTGGAAAAATTC","AAATGGAAACAAGTTAACTGAATAAT","CTYZ_00000983",0.84,0.82,0.02,TRUE
8,"CATGCGAAGTTGGAAAAATTC","GATTACTGTTTCAACTTGAAATGG","CTYZ_00000983",0.84,0.86,0.02,TRUE
9,"CATGCGAAGTTGGAAAAATTC","GAAATGGAAACAAGTTAACTGAATA","CTYZ_00000983",0.84,0.88,0.04,TRUE
10,"CATGCGAAGTTGGAAAAATTC","TGAAATGGAAACAAGTTAACTGA","CTYZ_00000983",0.84,0.81,0.03,TRUE
1,"TCTATTCAGGCTATTGAAAAACTT","TTCTCCGAGTCCTTTTGATT","CTYZ_00001648",0.91,0.83,0.08,TRUE
3,"TCTATTCAGGCTATTGAAAAACTT","CCGAGTCCTTTTGATTGGAT","CTYZ_00001648",0.91,0.88,0.03,TRUE
4,"TCTATTCAGGCTATTGAAAAACTT","TCTCCGAGTCCTTTTGATTG","CTYZ_00001648",0.91,0.87,0.04,TRUE
5,"TCTATTCAGGCTATTGAAAAACTT","TCCGAGTCCTTTTGATTGG","CTYZ_00001648",0.91,0.88,0.03,TRUE
6,"TCTATTCAGGCTATTGAAAAACTT","CGAGTCCTTTTGATTGGATAAAG","CTYZ_00001648",0.91,0.9,0.01,TRUE
7,"TCTATTCAGGCTATTGAAAAACTT","CCGAGTCCTTTTGATTGGATA","CTYZ_00001648",0.91,0.95,0.04,TRUE
8,"TCTATTCAGGCTATTGAAAAACTT","CCGAGTCCTTTTGATTGGA","CTYZ_00001648",0.91,0.87,0.04,TRUE
9,"TCTATTCAGGCTATTGAAAAACTT","GAGTCCTTTTGATTGGATAAAGA","CTYZ_00001648",0.91,0.87,0.04,TRUE
1,"CCTATGGCATTGGTAAAAGAAG","TGGAATAATTTGAAGAATTTCCTTT","CTYZ_00002204",0.87,0.79,0.08,TRUE
2,"CCTATGGCATTGGTAAAAGAAG","TTTGAAGAATTTCCTTTGTTTCTT","CTYZ_00002204",0.87,0.8,0.07,TRUE
3,"CCTATGGCATTGGTAAAAGAAG","GATGGAATAATTTGAAGAATTTCCTT","CTYZ_00002204",0.87,0.92,0.05,TRUE
4,"CCTATGGCATTGGTAAAAGAAG","ACTTTGATGGAATAATTTGAAGAATT","CTYZ_00002204",0.87,0.87,0,TRUE
5,"CCTATGGCATTGGTAAAAGAAG","GGAATAATTTGAAGAATTTCCTTTGT","CTYZ_00002204",0.87,0.86,0.01,TRUE
6,"CCTATGGCATTGGTAAAAGAAG","AATTTGAAGAATTTCCTTTGTTTCT","CTYZ_00002204",0.87,0.87,0,TRUE
8,"CCTATGGCATTGGTAAAAGAAG","CTTCTTTAAGTGCTTTGATAATCAAT","CTYZ_00002204",0.87,0.83,0.04,TRUE
9,"CCTATGGCATTGGTAAAAGAAG","TGGAATAATTTGAAGAATTTCCTTTG","CTYZ_00002204",0.87,0.86,0.01,TRUE
4,"YRTCATCATCATCATCATCATCAT","CATCATCGCATATTTCATCATC","CTYZ_00003166",0.66,0.74,0.08,TRUE
3,"TCCGAAATAACTTTTAGAAATTCTC","CTGCTTATAATATCATCATCCTTCT","CTYZ_00003005",0.8,0.8,0,TRUE
4,"TCCGAAATAACTTTTAGAAATTCTC","ACTTCTTAAAATTAATGACGTCCT","CTYZ_00003005",0.8,0.81,0.01,TRUE
5,"TCCGAAATAACTTTTAGAAATTCTC","CACTGCTTATAATATCATCATCCT","CTYZ_00003005",0.8,0.76,0.04,TRUE
6,"TCCGAAATAACTTTTAGAAATTCTC","CGTCCTTCCACTGCTTAT","CTYZ_00003005",0.8,0.83,0.03,TRUE
8,"TCCGAAATAACTTTTAGAAATTCTC","CCTTCCACTGCTTATAATATCAT","CTYZ_00003005",0.8,0.71,0.09,TRUE
1,"GTTTATCTCCCGAAGAATTTCTT","CCTAGAAAGAATGCATTTAAACAG","CTYZ_00002890",0.87,0.79,0.08,TRUE
3,"GTTTATCTCCCGAAGAATTTCTT","AGAGGTTTTGGAATACTTTTTAACT","CTYZ_00002890",0.87,0.86,0.01,TRUE
4,"GTTTATCTCCCGAAGAATTTCTT","CCAGAGGTTTTGGAATACTTTT","CTYZ_00002890",0.87,0.87,0,TRUE
5,"GTTTATCTCCCGAAGAATTTCTT","CTCAGTTCTAGTAAATAAAGGACG","CTYZ_00002890",0.87,0.84,0.03,TRUE
9,"GTTTATCTCCCGAAGAATTTCTT","ACCAGAGGTTTTGGAATACTT","CTYZ_00002890",0.87,0.85,0.02,TRUE
10,"GTTTATCTCCCGAAGAATTTCTT","TCAGTAAAGACTCAGTTCTAGTAAA","CTYZ_00002890",0.87,0.87,0,TRUE
1,"TCAGAAAGTTTATTGACAAACAATT","TCACCTTGTCAATACACTCC","CTYZ_00001007",0.83,0.86,0.03,TRUE
1,"TTCAGCTTCTTCCAAAAATGA","GTAGTTTTGGTCTCTTTAGTAGTT","CTYZ_00002278",0.78,0.84,0.06,TRUE
2,"TTCAGCTTCTTCCAAAAATGA","GTTTTGGTCTCTTTAGTAGTTGT","CTYZ_00002278",0.78,0.76,0.02,TRUE
3,"TTCAGCTTCTTCCAAAAATGA","GGTCTCTTTAGTAGTTGTGGT","CTYZ_00002278",0.78,0.78,0,TRUE
4,"TTCAGCTTCTTCCAAAAATGA","GTTGTGGTAGTAGTATCACGT","CTYZ_00002278",0.78,0.83,0.05,TRUE
5,"TTCAGCTTCTTCCAAAAATGA","GTCTCTTTAGTAGTTGTGGTAGT","CTYZ_00002278",0.78,0.84,0.06,TRUE
6,"TTCAGCTTCTTCCAAAAATGA","AGTAGTTTTGGTCTCTTTAGTAGT","CTYZ_00002278",0.78,0.82,0.04,TRUE
7,"TTCAGCTTCTTCCAAAAATGA","TCTTTAGTAGTTGTGGTAGTAGT","CTYZ_00002278",0.78,0.76,0.02,TRUE
9,"TTCAGCTTCTTCCAAAAATGA","AGTTTTGGTCTCTTTAGTAGTTG","CTYZ_00002278",0.78,0.73,0.05,TRUE
10,"TTCAGCTTCTTCCAAAAATGA","TTTTGGTCTCTTTAGTAGTTGTG","CTYZ_00002278",0.78,0.77,0.01,TRUE
2,"CTTAAAGAGCTTTGCCATGATA","TTCAATATCCATTAGCCTTAAAGTA","CTYZ_00003071",0.91,0.88,0.03,TRUE
4,"CTTAAAGAGCTTTGCCATGATA","GGATTGAGATATGTTCTTGTTCAA","CTYZ_00003071",0.91,0.82,0.09,TRUE
5,"CTTAAAGAGCTTTGCCATGATA","TCCTCTTCTGGGATTGAGA","CTYZ_00003071",0.91,0.85,0.06,TRUE
8,"CTTAAAGAGCTTTGCCATGATA","TCCACTATTATCTTCAAAACACATA","CTYZ_00003071",0.91,0.93,0.02,TRUE
9,"CTTAAAGAGCTTTGCCATGATA","TTTGACGAGAGAATTCCACTA","CTYZ_00003071",0.91,0.9,0.01,TRUE
10,"CTTAAAGAGCTTTGCCATGATA","CAATATCCATTAGCCTTAAAGTACA","CTYZ_00003071",0.91,0.86,0.05,TRUE
2,"GACTCATTAATACTCGTCAATTCT","ACTTTTGTAAACCAAACCAACTA","CTYZ_00001679",0.85,0.91,0.06,TRUE
3,"GACTCATTAATACTCGTCAATTCT","CTTTGACTTTGAGATAACTTTTGTAA","CTYZ_00001679",0.85,0.83,0.02,TRUE
4,"GACTCATTAATACTCGTCAATTCT","TGTAAACCAAACCAACTAAAATTAAG","CTYZ_00001679",0.85,0.87,0.02,TRUE
6,"GACTCATTAATACTCGTCAATTCT","AGATAACTTTTGTAAACCAAACCA","CTYZ_00001679",0.85,0.82,0.03,TRUE
8,"GACTCATTAATACTCGTCAATTCT","ACTTTTGTAAACCAAACCAACT","CTYZ_00001679",0.85,0.79,0.06,TRUE
3,"GGAARTGRTATGGGAAGACTCA","TGCTCCTRAACCTAACTCT","CTYZ_00002137",0.35,0.35,0,TRUE
5,"GGAARTGRTATGGGAAGACTCA","CWCACTCCTCCTCTGCT","CTYZ_00002137",0.35,0.29,0.06,TRUE
1,"AGAGAAGATCATGAAGAAAATGTC","AACAACAACAGTACCGTTTT","CTYZ_00002872",0.88,0.86,0.02,TRUE
2,"AGAGAAGATCATGAAGAAAATGTC","CAACAACAACAGTACCGTTT","CTYZ_00002872",0.88,0.85,0.03,TRUE
4,"AGAGAAGATCATGAAGAAAATGTC","CGAGGTACTCAGCCAGTT","CTYZ_00002872",0.88,0.88,0,TRUE
5,"AGAGAAGATCATGAAGAAAATGTC","CCTGATGATTGATCCTTGGATT","CTYZ_00002872",0.88,0.93,0.05,TRUE
7,"AGAGAAGATCATGAAGAAAATGTC","GCAACAACAACAGTACCGT","CTYZ_00002872",0.88,0.91,0.03,TRUE
2,"TTGCTGAGAGAACTTTGGTA","CTACGAAACTCTGATATTACGTT","CTYZ_00003311",0.88,0.81,0.07,TRUE
3,"TTGCTGAGAGAACTTTGGTA","CTCTGATATTACGTTCAAACCTT","CTYZ_00003311",0.88,0.88,0,TRUE
6,"TTGCTGAGAGAACTTTGGTA","AGATTTCTCTCAGTTTGCATTC","CTYZ_00003311",0.88,0.79,0.09,TRUE
7,"TTGCTGAGAGAACTTTGGTA","GAAACTCTGATATTACGTTCAAAC","CTYZ_00003311",0.88,0.82,0.06,TRUE
1,"CTGTAACTACAATAAATGAACAAGTA","CTTTTGCCTCTACTAGATGTTT","CTYZ_00003477",0.81,0.77,0.04,TRUE
2,"CTGTAACTACAATAAATGAACAAGTA","CTGGATTTGATTCTTTTTCACTTT","CTYZ_00003477",0.81,0.88,0.07,TRUE
3,"CTGTAACTACAATAAATGAACAAGTA","ATGTTTCTGAATTATTTACTGGATTT","CTYZ_00003477",0.81,0.83,0.02,TRUE
7,"CTGTAACTACAATAAATGAACAAGTA","CCTTTTGCCTCTACTAGATGT","CTYZ_00003477",0.81,0.81,0,TRUE
8,"CTGTAACTACAATAAATGAACAAGTA","TGATTCTTTTTCACTTTCATCGT","CTYZ_00003477",0.81,0.86,0.05,TRUE
9,"CTGTAACTACAATAAATGAACAAGTA","CTGAATTATTTACTGGATTTGATTCT","CTYZ_00003477",0.81,0.75,0.06,TRUE
10,"CTGTAACTACAATAAATGAACAAGTA","TCTTTTTTATACCTTTTGCCTCT","CTYZ_00003477",0.81,0.83,0.02,TRUE
5,"TGAGAATAATTCATCTGGGAAATATT","AGAAGCACTAAGAGTTGAATGA","CTYZ_00002889",0.91,0.88,0.03,TRUE
7,"TGAGAATAATTCATCTGGGAAATATT","AAGTTGCTGTAATATTCTTGGTA","CTYZ_00002889",0.91,0.92,0.01,TRUE
8,"TGAGAATAATTCATCTGGGAAATATT","TGCTGTAATATTCTTGGTAGAATTT","CTYZ_00002889",0.91,0.83,0.08,TRUE
1,"TGCAAGAGGAACGCCTA","TTTATCCCCACAAATTAATTCTTTT","CTYZ_00003998",0.87,0.81,0.06,TRUE
2,"TGCAAGAGGAACGCCTA","CTTTATCCCCACAAATTAATTCTTT","CTYZ_00003998",0.87,0.86,0.01,TRUE
3,"TGCAAGAGGAACGCCTA","TCTTTATCCCCACAAATTAATTCTT","CTYZ_00003998",0.87,0.94,0.07,TRUE
4,"TGCAAGAGGAACGCCTA","ATTCTTTTGCCTCATTAACCTT","CTYZ_00003998",0.87,0.87,0,TRUE
5,"TGCAAGAGGAACGCCTA","TCTTTATCCCCACAAATTAATTCT","CTYZ_00003998",0.87,0.83,0.04,TRUE
7,"TGCAAGAGGAACGCCTA","AATTCTTTTGCCTCATTAACCT","CTYZ_00003998",0.87,0.87,0,TRUE
9,"TGCAAGAGGAACGCCTA","TCTTTTGCCTCATTAACCTTG","CTYZ_00003998",0.87,0.85,0.02,TRUE
1,"CCAAGGAGTATATTCAATGGTT","GAAACTATCATTCTCTGATTCAAAAA","CTYZ_00001742",0.8,0.74,0.06,TRUE
2,"CCAAGGAGTATATTCAATGGTT","TCTCTGATTCAAAAAATTGGTTTG","CTYZ_00001742",0.8,0.84,0.04,TRUE
8,"CCAAGGAGTATATTCAATGGTT","TCTGCGAAATGAAACTATCATT","CTYZ_00001742",0.8,0.79,0.01,TRUE
1,"TCAATTCAGCTCAAAAACTGA","CATCATTTAAAACTTCAAAAAGAGTT","CTYZ_00003501",0.81,0.78,0.03,TRUE
2,"TCAATTCAGCTCAAAAACTGA","TCATCATTTAAAACTTCAAAAAGAGT","CTYZ_00003501",0.81,0.83,0.02,TRUE
3,"TCAATTCAGCTCAAAAACTGA","GTATTCCAGTAGCCTTAAATAAGT","CTYZ_00003501",0.81,0.74,0.07,TRUE
4,"TCAATTCAGCTCAAAAACTGA","GTTTTATTTGTTCGATTTGACCT","CTYZ_00003501",0.81,0.73,0.08,TRUE
5,"TCAATTCAGCTCAAAAACTGA","CATGTATTCCAGTAGCCTTAAAT","CTYZ_00003501",0.81,0.76,0.05,TRUE
6,"TCAATTCAGCTCAAAAACTGA","AAAAAGAGTTTTATTTGTTCGATTTG","CTYZ_00003501",0.81,0.86,0.05,TRUE
7,"TCAATTCAGCTCAAAAACTGA","GTCATCATTTAAAACTTCAAAAAGAG","CTYZ_00003501",0.81,0.73,0.08,TRUE
8,"TCAATTCAGCTCAAAAACTGA","TGTATTCCAGTAGCCTTAAATAAG","CTYZ_00003501",0.81,0.74,0.07,TRUE
9,"TCAATTCAGCTCAAAAACTGA","AAGTCATCATTTAAAACTTCAAAAAG","CTYZ_00003501",0.81,0.81,0,TRUE
10,"TCAATTCAGCTCAAAAACTGA","TTTTATTTGTTCGATTTGACCTC","CTYZ_00003501",0.81,0.75,0.06,TRUE
1,"TGCTCTTGAAGAATTTGGATT","GTAGTAATAATTACACTTAATGCAGG","CTYZ_00001848",0.79,0.74,0.05,TRUE
2,"TGCTCTTGAAGAATTTGGATT","CATATAAACCCATTAACTTTGCTG","CTYZ_00001848",0.79,0.81,0.02,TRUE
3,"TGCTCTTGAAGAATTTGGATT","GACCAGAATGCATTCACTG","CTYZ_00001848",0.79,0.79,0,TRUE
4,"TGCTCTTGAAGAATTTGGATT","CTGAATCTTTTCTTCATATCCGA","CTYZ_00001848",0.79,0.78,0.01,TRUE
6,"TGCTCTTGAAGAATTTGGATT","GCAGGATATTTCTCTTTGACC","CTYZ_00001848",0.79,0.76,0.03,TRUE
7,"TGCTCTTGAAGAATTTGGATT","AGTAATAATTACACTTAATGCAGGA","CTYZ_00001848",0.79,0.83,0.04,TRUE
8,"TGCTCTTGAAGAATTTGGATT","AGGATATTTCTCTTTGACCAGA","CTYZ_00001848",0.79,0.82,0.03,TRUE
9,"TGCTCTTGAAGAATTTGGATT","TCTCTTTGACCAGAATGCAT","CTYZ_00001848",0.79,0.86,0.07,TRUE
1,"AGAAGCAAGCTAAATCATAATGT","AGGGATTTTCAACCGCAT","CTYZ_00003003",0.75,0.81,0.06,TRUE
3,"AGAAGCAAGCTAAATCATAATGT","GGGATTTTCAACCGCATC","CTYZ_00003003",0.75,0.83,0.08,TRUE
5,"AGAAGCAAGCTAAATCATAATGT","TGATTTTTATGAGAGGGATTTTCA","CTYZ_00003003",0.75,0.79,0.04,TRUE
6,"AGAAGCAAGCTAAATCATAATGT","GGCTTTAATTGAATCATTTGAAAAA","CTYZ_00003003",0.75,0.72,0.03,TRUE
7,"AGAAGCAAGCTAAATCATAATGT","ATGATATATGATTTTTATGAGAGGGA","CTYZ_00003003",0.75,0.8,0.05,TRUE
10,"AGAAGCAAGCTAAATCATAATGT","TTTTCAACCGCATCTTCG","CTYZ_00003003",0.75,0.7,0.05,TRUE
2,"AGAAATTATTATCAAGGGAAATCTCA","AGGGATAAGCAATGCTGTT","CTYZ_00002912",0.8,0.81,0.01,TRUE
4,"AGAAATTATTATCAAGGGAAATCTCA","TTGATTAAAAGAGTCAAGATAGCT","CTYZ_00002912",0.8,0.72,0.08,TRUE
6,"AGAAATTATTATCAAGGGAAATCTCA","GTCAAGATAGCTGGCCAT","CTYZ_00002912",0.8,0.74,0.06,TRUE
7,"AGAAATTATTATCAAGGGAAATCTCA","GGGATAAGCAATGCTGTTTG","CTYZ_00002912",0.8,0.8,0,TRUE
9,"AGAAATTATTATCAAGGGAAATCTCA","TGATTAAAAGAGTCAAGATAGCTG","CTYZ_00002912",0.8,0.81,0.01,TRUE
10,"AGAAATTATTATCAAGGGAAATCTCA","ATTAAAAGAGTCAAGATAGCTGG","CTYZ_00002912",0.8,0.74,0.06,TRUE
2,"TGATCAAATTTTGAGTTTAAATACCC","ACAAGAAGATTTTACCTCTGATTT","CTYZ_00002283",0.82,0.87,0.05,TRUE
4,"TGATCAAATTTTGAGTTTAAATACCC","CATCGCCCTCTTGTGTT","CTYZ_00002283",0.82,0.88,0.06,TRUE
6,"TGATCAAATTTTGAGTTTAAATACCC","GCCCTCTTGTGTTCTAGTT","CTYZ_00002283",0.82,0.88,0.06,TRUE
8,"TGATCAAATTTTGAGTTTAAATACCC","ACCTCTGATTTCTCACAATCTT","CTYZ_00002283",0.82,0.89,0.07,TRUE
10,"TGATCAAATTTTGAGTTTAAATACCC","GCTACTAGAACAACAAGAAGATT","CTYZ_00002283",0.82,0.87,0.05,TRUE
1,"CTCTAGTAGCAAATCCAAAAGTAA","CACAACCAAGACCTATTTCTTT","CTYZ_00000584",0.86,0.87,0.01,TRUE
2,"CTCTAGTAGCAAATCCAAAAGTAA","ATTTACACAACCAAGACCTATTT","CTYZ_00000584",0.86,0.85,0.01,TRUE
3,"CTCTAGTAGCAAATCCAAAAGTAA","TTCTCTGGCAGCTCATTT","CTYZ_00000584",0.86,0.82,0.04,TRUE
4,"CTCTAGTAGCAAATCCAAAAGTAA","CACAACCAAGACCTATTTCTT","CTYZ_00000584",0.86,0.8,0.06,TRUE
5,"CTCTAGTAGCAAATCCAAAAGTAA","ATATTTACACAACCAAGACCTATT","CTYZ_00000584",0.86,0.89,0.03,TRUE
6,"CTCTAGTAGCAAATCCAAAAGTAA","ATTCTCTGGCAGCTCATT","CTYZ_00000584",0.86,0.8,0.06,TRUE
7,"CTCTAGTAGCAAATCCAAAAGTAA","ACACAACCAAGACCTATTTCT","CTYZ_00000584",0.86,0.83,0.03,TRUE
8,"CTCTAGTAGCAAATCCAAAAGTAA","CATCATTCTCTGGCAGCT","CTYZ_00000584",0.86,0.77,0.09,TRUE
9,"CTCTAGTAGCAAATCCAAAAGTAA","CAATATTTACACAACCAAGACCT","CTYZ_00000584",0.86,0.84,0.02,TRUE
10,"CTCTAGTAGCAAATCCAAAAGTAA","AATATTTACACAACCAAGACCTAT","CTYZ_00000584",0.86,0.89,0.03,TRUE
1,"GGGCCAATTAAGATTCATACAAAT","TCTTGTTTAATGCCATCGATTA","CTYZ_00002007",0.93,0.91,0.02,TRUE
3,"GGGCCAATTAAGATTCATACAAAT","TCTGTCTAAGTAGGTCTTGTTC","CTYZ_00002007",0.93,0.86,0.07,TRUE
4,"GGGCCAATTAAGATTCATACAAAT","GTTCTTGTTTAATGCCATCGA","CTYZ_00002007",0.93,0.89,0.04,TRUE
5,"GGGCCAATTAAGATTCATACAAAT","TCTAAGTAGGTCTTGTTCTTGTT","CTYZ_00002007",0.93,0.92,0.01,TRUE
8,"GGGCCAATTAAGATTCATACAAAT","TGTTCTTGTTTAATGCCATCG","CTYZ_00002007",0.93,0.87,0.06,TRUE
9,"GGGCCAATTAAGATTCATACAAAT","CTAAGTAGGTCTTGTTCTTGTTTA","CTYZ_00002007",0.93,0.85,0.08,TRUE
10,"GGGCCAATTAAGATTCATACAAAT","TCTTGTTTAATGCCATCGATTAT","CTYZ_00002007",0.93,0.91,0.02,TRUE
1,"GGGTTTATCAAAGTTGTTTTCAAT","TGGTTTACAACTATATGAGAGCA","CTYZ_00001018",0.79,0.84,0.05,TRUE
2,"GGGTTTATCAAAGTTGTTTTCAAT","TCTTTTAGAACTGACTCTCCTT","CTYZ_00001018",0.79,0.88,0.09,TRUE
3,"GGGTTTATCAAAGTTGTTTTCAAT","ACGAGTCTTTTAGAACTGACT","CTYZ_00001018",0.79,0.7,0.09,TRUE
4,"GGGTTTATCAAAGTTGTTTTCAAT","GCTCTGACGAGTCTTTTAGAA","CTYZ_00001018",0.79,0.85,0.06,TRUE
5,"GGGTTTATCAAAGTTGTTTTCAAT","CTTTTAGAACTGACTCTCCTTG","CTYZ_00001018",0.79,0.73,0.06,TRUE
6,"GGGTTTATCAAAGTTGTTTTCAAT","AGTCTTTTAGAACTGACTCTCC","CTYZ_00001018",0.79,0.79,0,TRUE
7,"GGGTTTATCAAAGTTGTTTTCAAT","CTGACGAGTCTTTTAGAACTG","CTYZ_00001018",0.79,0.7,0.09,TRUE
8,"GGGTTTATCAAAGTTGTTTTCAAT","TGACGAGTCTTTTAGAACTGA","CTYZ_00001018",0.79,0.81,0.02,TRUE
9,"GGGTTTATCAAAGTTGTTTTCAAT","GGGAACATTACTTGGTTTACAA","CTYZ_00001018",0.79,0.79,0,TRUE
10,"GGGTTTATCAAAGTTGTTTTCAAT","AGAACTGACTCTCCTTGATC","CTYZ_00001018",0.79,0.76,0.03,TRUE
1,"CAGTAGGATCTACATCAGGATC","CCGTTCTTCTCGAATTCAGA","CTYZ_00000537",0.85,0.9,0.05,TRUE
2,"CAGTAGGATCTACATCAGGATC","CTTAACTGCCTTCCATTTTTTATAG","CTYZ_00000537",0.85,0.82,0.03,TRUE
3,"CAGTAGGATCTACATCAGGATC","ACAATGGCAAATATTTGATCAGA","CTYZ_00000537",0.85,0.86,0.01,TRUE
5,"CAGTAGGATCTACATCAGGATC","GCATATTTTGGCTTGAGTACTAA","CTYZ_00000537",0.85,0.9,0.05,TRUE
6,"CAGTAGGATCTACATCAGGATC","TTATAGCATATTTTGGCTTGAGTA","CTYZ_00000537",0.85,0.88,0.03,TRUE
7,"CAGTAGGATCTACATCAGGATC","CCGTTCTTCTCGAATTCAGAA","CTYZ_00000537",0.85,0.92,0.07,TRUE
8,"CAGTAGGATCTACATCAGGATC","ACTGCCTTCCATTTTTTATAGC","CTYZ_00000537",0.85,0.86,0.01,TRUE
9,"CAGTAGGATCTACATCAGGATC","AACAATGGCAAATATTTGATCAG","CTYZ_00000537",0.85,0.82,0.03,TRUE
1,"CTTTCATTGCCTTCAGACATAA","GGCTTTCCTGTGCTAAACTT","CTYZ_00001185",0.87,0.96,0.09,TRUE
2,"CTTTCATTGCCTTCAGACATAA","ACTTCTTATTTTCGTTCTTAATACCT","CTYZ_00001185",0.87,0.87,0,TRUE
4,"CTTTCATTGCCTTCAGACATAA","GTGCTAAACTTCTTATTTTCGTT","CTYZ_00001185",0.87,0.81,0.06,TRUE
6,"CTTTCATTGCCTTCAGACATAA","GCTAAACTTCTTATTTTCGTTCTTAA","CTYZ_00001185",0.87,0.88,0.01,TRUE
9,"CTTTCATTGCCTTCAGACATAA","TCCTGTGCTAAACTTCTTATTTT","CTYZ_00001185",0.87,0.89,0.02,TRUE
10,"CTTTCATTGCCTTCAGACATAA","GCTTTCCTGTGCTAAACTTCT","CTYZ_00001185",0.87,0.94,0.07,TRUE
1,"GGAAGATTCACAATTCCAAAAAATA","TCCTTTCTCTTTTTCTGGTTTT","CTYZ_00001155",0.92,0.88,0.04,TRUE
2,"GGAAGATTCACAATTCCAAAAAATA","CCACTTCTTTTGCTTCAATTTT","CTYZ_00001155",0.92,0.86,0.06,TRUE
3,"GGAAGATTCACAATTCCAAAAAATA","TTCCTTTCTCTTTTTCTGGTTT","CTYZ_00001155",0.92,0.83,0.09,TRUE
4,"GGAAGATTCACAATTCCAAAAAATA","TGCTTCAATTTTGTCATCCTTT","CTYZ_00001155",0.92,0.91,0.01,TRUE
5,"GGAAGATTCACAATTCCAAAAAATA","GCCACTTCTTTTGCTTCAATTT","CTYZ_00001155",0.92,0.98,0.06,TRUE
6,"GGAAGATTCACAATTCCAAAAAATA","TTTCCTTTCTCTTTTTCTGGTT","CTYZ_00001155",0.92,0.83,0.09,TRUE
7,"GGAAGATTCACAATTCCAAAAAATA","TTCTGGTTTTCATCAATTCTCTT","CTYZ_00001155",0.92,0.87,0.05,TRUE
8,"GGAAGATTCACAATTCCAAAAAATA","GTCATCCTTTGCCAAAATCTT","CTYZ_00001155",0.92,0.91,0.01,TRUE
10,"GGAAGATTCACAATTCCAAAAAATA","TGCTTCAATTTTGTCATCCTT","CTYZ_00001155",0.92,0.84,0.08,TRUE
1,"CCCAAAGTATAGATTTGTTCACG","GCCTTTTGTTCACTTATAATCTTTTC","CTYZ_00003645",0.91,0.95,0.04,TRUE
4,"CCCAAAGTATAGATTTGTTCACG","ACTAATGATCTGATTTCTGCCT","CTYZ_00003645",0.91,0.86,0.05,TRUE
5,"CCCAAAGTATAGATTTGTTCACG","AATGATCTGATTTCTGCCTTTT","CTYZ_00003645",0.91,0.93,0.02,TRUE
7,"CCCAAAGTATAGATTTGTTCACG","TTTCTGCCTTTTGTTCACTTATA","CTYZ_00003645",0.91,0.91,0,TRUE
8,"CCCAAAGTATAGATTTGTTCACG","CTAATGATCTGATTTCTGCCTT","CTYZ_00003645",0.91,0.84,0.07,TRUE
10,"CCCAAAGTATAGATTTGTTCACG","GCCTTTTGTTCACTTATAATCTTTT","CTYZ_00003645",0.91,0.91,0,TRUE
1,"ACAGAAGGTGAGACAGTTAAA","AGAACTTTTTCTTCCGAAAAGTT","CTYZ_00001870",0.75,0.77,0.02,TRUE
2,"ACAGAAGGTGAGACAGTTAAA","AGTTTGCTTTTCTTCTCCATAT","CTYZ_00001870",0.75,0.77,0.02,TRUE
4,"ACAGAAGGTGAGACAGTTAAA","CAAACTCAGGGTTTTCTTTGT","CTYZ_00001870",0.75,0.66,0.09,TRUE
5,"ACAGAAGGTGAGACAGTTAAA","GCTTTTCTTCTCCATATTACTTTC","CTYZ_00001870",0.75,0.8,0.05,TRUE
6,"ACAGAAGGTGAGACAGTTAAA","CAAAATCAAACTCAGGGTTTTC","CTYZ_00001870",0.75,0.67,0.08,TRUE
9,"ACAGAAGGTGAGACAGTTAAA","TCAAACTCAGGGTTTTCTTTG","CTYZ_00001870",0.75,0.7,0.05,TRUE
10,"ACAGAAGGTGAGACAGTTAAA","TTCTTCTCCATATTACTTTCATAGTT","CTYZ_00001870",0.75,0.8,0.05,TRUE
3,"TCATAATGCATACTATCCAATTCAA","CGTCCACCAGTTATTGTAGT","CTYZ_00001196",0.88,0.83,0.05,TRUE
4,"TCATAATGCATACTATCCAATTCAA","CGTCCACCAGTTATTGTAGTT","CTYZ_00001196",0.88,0.95,0.07,TRUE
7,"TCATAATGCATACTATCCAATTCAA","ATAATTTCTTGTTGTTGTGAAGC","CTYZ_00001196",0.88,0.82,0.06,TRUE
8,"TCATAATGCATACTATCCAATTCAA","CGTCCACCAGTTATTGTAGTTT","CTYZ_00001196",0.88,0.97,0.09,TRUE
9,"TCATAATGCATACTATCCAATTCAA","TCTTGTTGTTGTGAAGCCA","CTYZ_00001196",0.88,0.9,0.02,TRUE
10,"TCATAATGCATACTATCCAATTCAA","TCCACCAGTTATTGTAGTTTGA","CTYZ_00001196",0.88,0.93,0.05,TRUE
2,"GCGGTTCATATTCTAGTAAAAACAA","ACACTTGAAGTAGCAGCTTT","CTYZ_00001856",0.95,0.91,0.04,TRUE
3,"GCGGTTCATATTCTAGTAAAAACAA","TCAAATATATATGTAACTTCAGGCTT","CTYZ_00001856",0.95,0.93,0.02,TRUE
5,"GCGGTTCATATTCTAGTAAAAACAA","GGCTTTCCATTAAACTTAACACTT","CTYZ_00001856",0.95,0.96,0.01,TRUE
6,"GCGGTTCATATTCTAGTAAAAACAA","CTTCAGGCTTTCCATTAAACTT","CTYZ_00001856",0.95,0.9,0.05,TRUE
8,"GCGGTTCATATTCTAGTAAAAACAA","TGTAACTTCAGGCTTTCCATT","CTYZ_00001856",0.95,0.93,0.02,TRUE
1,"AATAATGATTTTGGAATTGGAACTT","CCTTTAAATGGACTATATCTCTCTTT","CTYZ_00002115",0.92,0.9,0.02,TRUE
2,"AATAATGATTTTGGAATTGGAACTT","ACCTTTAAATGGACTATATCTCTCT","CTYZ_00002115",0.92,0.84,0.08,TRUE
5,"CAGAACTTTCGGAATTTGAAAAG","TGAGTTTATTATCTCCTCTGTAGA","CTYZ_00002115",0.84,0.79,0.05,TRUE
6,"CAGAACTTTCGGAATTTGAAAAG","TCCTCTGTAGAATATTACATTGGA","CTYZ_00002115",0.84,0.9,0.06,TRUE
7,"CAGAACTTTCGGAATTTGAAAAG","TCCAAGGTTATTTAGATTGAGTTTAT","CTYZ_00002115",0.84,0.92,0.08,TRUE
8,"CAGAACTTTCGGAATTTGAAAAG","GTTTTCCAAGGTTATTTAGATTGAG","CTYZ_00002115",0.84,0.81,0.03,TRUE
5,"CCTATTCAAATGATCCAGCCT","TCAAAATATGATCCTCGGAATTTA","CTYZ_00001108",0.9,0.91,0.01,TRUE
7,"CCTATTCAAATGATCCAGCCT","AAATATGATCCTCGGAATTTAGTAT","CTYZ_00001108",0.9,0.89,0.01,TRUE
8,"CCTATTCAAATGATCCAGCCT","TGTCAAAATATGATCCTCGGA","CTYZ_00001108",0.9,0.83,0.07,TRUE
9,"CCTATTCAAATGATCCAGCCT","ACAAGTTGAGATTTTTCCATGG","CTYZ_00001108",0.9,0.87,0.03,TRUE
10,"CCTATTCAAATGATCCAGCCT","GTTTTCTGTTAATGTTAGTGATTGA","CTYZ_00001108",0.9,0.83,0.07,TRUE
