pair,forward_primer,reverse_primer,MPA_PASS_CrossDimer,SMS_PASS_Fwd,SMS_PASS_Rev,SNPs_covered,GeneID,Fwd_Eff,Rev_Eff,deltaEff,Vis_PASS_Fwd,Vis_PASS_Rev
1,AATCAACTCCAGTATTAGGGTA,CGGGTTCTAAAACTCTAAGCA,T,T,T,1,CTYZ_00000395,0.91,0.9,0.01,TRUE,TRUE
4,AATCAACTCCAGTATTAGGGTA,CCTTCCAGTTTGGTCGATT,T,T,T,1,CTYZ_00000395,0.91,0.87,0.04,TRUE,TRUE
5,AATCAACTCCAGTATTAGGGTA,GGTTCTAAAACTCTAAGCAGAAAA,F,T,T,1,CTYZ_00000395,0.91,0.88,0.03,TRUE,TRUE
7,AATCAACTCCAGTATTAGGGTA,GCTGGATTTAATTAGATGCCTT,F,T,T,1,CTYZ_00000395,0.91,0.89,0.02,TRUE,TRUE
1,GTTTAGAAGAAGTTTTGGAGAGA,GTCGTATTTACTTGCAACATTC,T,T,T,2,CTYZ_00001701,0.81,0.81,0,TRUE,TRUE
6,GTTTAGAAGAAGTTTTGGAGAGA,CTCTTGGTCGTATTTACTTGC,T,T,T,2,CTYZ_00001701,0.81,0.83,0.02,TRUE,TRUE
8,GTTTAGAAGAAGTTTTGGAGAGA,GCTTTCCTCTTGGTCGTATT,T,T,T,2,CTYZ_00001701,0.81,0.9,0.09,TRUE,TRUE
2,TGTTCCGATTTATCAAAGACTT,GTTTAAGTGATCTGCAATTGTTT,T,T,T,2,CTYZ_00001280,0.79,0.86,0.07,TRUE,TRUE
6,GGGTACATGTGTTGGAACTT,TCAAAGTTTTCAGAAGAAATAGATCT,T,T,T,1,CTYZ_00003312,0.93,0.89,0.04,TRUE,TRUE
9,GGAGAGAAAGAAGCAGACTAT,GGTTGACATTGATGAATCCTTC,T,T,T,1,CTYZ_00000259,0.84,0.9,0.06,TRUE,TRUE
2,AGCCTTAAATAAATCAGGAAAACA,TCTATTTTGAACGAGGTACATTC,T,T,T,3,CTYZ_00003289,0.85,0.89,0.04,TRUE,TRUE
3,AGCCTTAAATAAATCAGGAAAACA,TTCTTTGTCTTTGCTTGAATTTAA,F,T,T,3,CTYZ_00003289,0.85,0.8,0.05,TRUE,TRUE
6,AGCCTTAAATAAATCAGGAAAACA,TGCCTAAATATTAGCTTACCAATAG,T,T,T,3,CTYZ_00003289,0.85,0.84,0.01,TRUE,TRUE
7,AGCCTTAAATAAATCAGGAAAACA,TGAACGAGGTACATTCTTTGT,T,T,T,3,CTYZ_00003289,0.85,0.83,0.02,TRUE,TRUE
8,TTGGGGTCAAACTAAAACATC,AACTTTTCTTGTAGCTTTTGATTT,T,T,T,3,CTYZ_00000700,0.82,0.91,0.09,TRUE,TRUE
9,TTGGGGTCAAACTAAAACATC,ACAAACAAATATATCACAAAATCCTT,T,T,T,3,CTYZ_00000700,0.82,0.88,0.06,TRUE,TRUE
6,GGTGCAGAAAGTAAAACAACC,CTGGCTTCATATTGAATCATCTT,T,T,T,1,CTYZ_00000928,0.92,0.9,0.02,TRUE,TRUE
1,AACAAACACCAAGAAAAGGAT,TCATTTTAGTTTGTTTGTAAGGTATT,T,T,T,1,CTYZ_00001426,0.83,0.88,0.05,TRUE,TRUE
5,AACAAACACCAAGAAAAGGATA,TCATTTTAGTTTGTTTGTAAGGTATT,T,T,T,1,CTYZ_00001426,0.93,0.88,0.05,TRUE,TRUE
9,AGGAACAAACACCAAGAAAAG,TCATTTTAGTTTGTTTGTAAGGTATT,T,T,T,1,CTYZ_00001426,0.82,0.88,0.06,TRUE,TRUE
3,GAGATTCGCTACTATCCCTTAA,TTATTTGCTCCATTTCCTGC,T,T,T,1,CTYZ_00003592,0.89,0.82,0.07,TRUE,TRUE
6,TCAAGAAAGCCAAAAGCCT,TGAGGACATATATAAAGAAGTGGT,T,T,T,2,CTYZ_00000730,0.87,0.85,0.02,TRUE,TRUE
7,TCAAGAAAGCCAAAAGCCT,GCCAAGCATTCACTGGT,T,T,T,2,CTYZ_00000730,0.87,0.83,0.04,TRUE,TRUE
5,AAAATCGAAATCTGAAATGTCTG,TCAAACTCACAAGCCTCTC,T,T,T,1,CTYZ_00002506,0.82,0.9,0.08,TRUE,TRUE
7,AAAATCGAAATCTGAAATGTCTG,GTCAAACTCACAAGCCTCT,T,T,T,1,CTYZ_00002506,0.82,0.85,0.03,TRUE,TRUE
10,CCACAATTCAAAGGGTTGG,AAGAATGCCTAGATCTTGAGA,T,T,T,1,CTYZ_00003902,0.78,0.86,0.08,TRUE,TRUE
5,CCAAAGGGTGAAAAGAAGAC,TTTGTCCGTGAGTCTGTT,T,T,T,1,CTYZ_00002348,0.75,0.8,0.05,TRUE,TRUE
10,TCAAAATATTGACATTGAAAAGTGG,TTTAACTTTCTATTTGCCTGTTTT,T,T,T,1,CTYZ_00001778,0.88,0.81,0.07,TRUE,TRUE
6,TCCGTTATTTATGGTATTGATAGG,GTAGAGACGAGAAGCCAAAA,T,T,T,3,CTYZ_00003591,0.8,0.86,0.06,TRUE,TRUE
7,TCCGTTATTTATGGTATTGATAGG,AGTCAAGCATTCGATCTTTAAG,T,T,T,3,CTYZ_00003591,0.8,0.8,0,TRUE,TRUE
2,CAGGCCACTCTCAGGAA,CCATATCATCATACAGACCCAAA,T,T,T,2,CTYZ_00000065,0.85,0.93,0.08,TRUE,TRUE
5,CAGGCCACTCTCAGGAA,ATAAATCAGCAGGAACCATATC,T,T,T,2,CTYZ_00000065,0.85,0.84,0.01,TRUE,TRUE
10,CAGGCCACTCTCAGGAA,AAGCATACTCCAGTAATCCC,T,T,T,2,CTYZ_00000065,0.85,0.85,0,TRUE,TRUE
5,TCTCAATCCCAATATTCTTCAGA,GAACAATTTGATTATTTGACTCATCT,T,T,T,1,CTYZ_00003626,0.92,0.88,0.04,TRUE,TRUE
9,CCATGAAATTGAATTTACAAATGAAA,TCCTCTGAATTTGCGGG,NA,F,T,2,CTYZ_00002282,0.74,0.81,0.07,TRUE,TRUE
3,GAATCGGTTTTTCAAAGAAAAAAAT,CCTGGTATAGTTTTATCGTGTTT,NA,F,T,3,CTYZ_00003259,0.81,0.88,0.07,TRUE,TRUE
5,GAATCGGTTTTTCAAAGAAAAAAAT,CCTGGTATAGTTTTATCGTGTT,NA,F,T,3,CTYZ_00003259,0.81,0.8,0.01,TRUE,TRUE
8,GAATCGGTTTTTCAAAGAAAAAAAT,TCTTTAACACTTCAATCGCTT,NA,F,T,2,CTYZ_00003259,0.81,0.85,0.04,TRUE,TRUE
1,AAGCAGGAAGAGCAAAAAATA,ACAATAAAACTGGCCTAAAGTTT,NA,F,T,4,CTYZ_00003637,0.93,0.9,0.03,TRUE,TRUE
3,AAGCAGGAAGAGCAAAAAATA,ACAATAAAACTGGCCTAAAGTT,NA,F,T,4,CTYZ_00003637,0.93,0.85,0.08,TRUE,TRUE
10,ACTATTTCCTGTTAGAGAAAAAGAG,GGCAGTATAACCTCATGTCG,NA,F,T,2,CTYZ_00003813,0.82,0.89,0.07,TRUE,TRUE
3,AAATACTACCTTGGATTTAAAACATC,GCTTCAGGTCTAAAAGATTGATT,NA,F,T,1,CTYZ_00003529,0.9,0.91,0.01,TRUE,TRUE
7,AAATACTACCTTGGATTTAAAACATC,GCTTCAGGTCTAAAAGATTGATTA,NA,F,T,1,CTYZ_00003529,0.9,0.93,0.03,TRUE,TRUE
3,GTTCATCAGTTGCCAATAAATTT,ACCTTCAATACCTTCTGGAAC,NA,F,T,2,CTYZ_00001177,0.86,0.81,0.05,TRUE,TRUE
6,GTTCATCAGTTGCCAATAAATTT,CCTTCTGGAACCATCTTGTTT,NA,F,T,2,CTYZ_00001177,0.86,0.95,0.09,TRUE,TRUE
9,GTTCATCAGTTGCCAATAAATTT,CTACACCTTCCATATCACCTT,NA,F,T,2,CTYZ_00001177,0.86,0.89,0.03,TRUE,TRUE
1,TTGATCACGGAGAAGAAAGTA,GCTATCATTGCTTTTGTGATACTTA,NA,F,T,1,CTYZ_00001955,0.89,0.97,0.08,TRUE,TRUE
2,TTGATCACGGAGAAGAAAGTA,CCTACAGGGAATTGGCTTA,NA,F,T,1,CTYZ_00001955,0.89,0.84,0.05,TRUE,TRUE
9,TTGATCACGGAGAAGAAAGTA,ATGCTATCATTGCTTTTGTGA,NA,F,T,1,CTYZ_00001955,0.89,0.81,0.08,TRUE,TRUE
10,TTGATCACGGAGAAGAAAGTA,GTATTGAAGAACCAATTTAATGTTGA,NA,F,T,1,CTYZ_00001955,0.89,0.89,0,TRUE,TRUE
6,GCGCTTCTACAAGACCATG,GCAATACCAGATGAAGACAGTA,NA,F,T,1,CTYZ_00001989,0.93,0.96,0.03,TRUE,TRUE
3,GTCTTGGGGCAGGATATTTA,TGAAACTTCTCCATCGGTT,NA,F,T,2,CTYZ_00001042,0.91,0.83,0.08,TRUE,TRUE
4,GTCTTGGGGCAGGATATTTA,GATGGAGCGAACAAAAGATT,NA,F,T,2,CTYZ_00001042,0.91,0.91,0,TRUE,TRUE
6,GGATTTTGATCAATGTCTGGATA,ACTTAAAATAACTTTGCTTACTTTGG,NA,F,T,1,CTYZ_00003324,0.91,0.87,0.04,TRUE,TRUE
7,GGATTTTGATCAATGTCTGGATA,GCAGTTTGTGAAATTAAATAGCC,NA,F,T,1,CTYZ_00003324,0.91,0.86,0.05,TRUE,TRUE
2,TGGTGCAGAAAGTAAAACAAC,CTGGCTTCATATTGAATCATCTT,NA,F,T,1,CTYZ_00000928,0.86,0.9,0.04,TRUE,TRUE
8,GTGCAGAAAGTAAAACAACCT,CTGGCTTCATATTGAATCATCTT,NA,F,T,1,CTYZ_00000928,0.84,0.9,0.06,TRUE,TRUE
3,CATTATCTTTTATAGGCGATATTCAG,TGTCCTCGGTATTCCCTT,NA,F,T,3,CTYZ_00003331,0.78,0.86,0.08,TRUE,TRUE
5,CATTATCTTTTATAGGCGATATTCAG,CGGTATTCCCTTCCTCCA,NA,F,T,3,CTYZ_00003331,0.78,0.85,0.07,TRUE,TRUE
7,CATTATCTTTTATAGGCGATATTCAG,AATTACTAACTTACCTCTTCTTCTG,NA,F,T,3,CTYZ_00003331,0.78,0.87,0.09,TRUE,TRUE
9,CATTATCTTTTATAGGCGATATTCAG,CCTCGGTATTCCCTTCCT,NA,F,T,3,CTYZ_00003331,0.78,0.83,0.05,TRUE,TRUE
2,AGCTAAAATTCAAAGAAAAGTTAGTC,TGAATTTCCCCATCATCATCA,NA,F,T,2,CTYZ_00002123,0.89,0.86,0.03,TRUE,TRUE
3,GATTATGAGGGAAAAGAAAAACTG,CCAAATCCTCATCACTGTCTT,NA,F,T,1,CTYZ_00002552,0.81,0.9,0.09,TRUE,TRUE
6,AATCAACTCCAGTATTAGGGTA,TTATTTTTTCGGGTTCTAAAACTC,T,T,F,1,CTYZ_00000395,0.91,0.83,0.08,TRUE,TRUE
3,GTTTAGAAGAAGTTTTGGAGAGA,CTTGGTCGTATTTACTTGCAA,T,T,F,2,CTYZ_00001701,0.81,0.81,0,TRUE,TRUE
3,TGTTCCGATTTATCAAAGACTT,CTAACAAAGAGCAATGCAATTT,T,T,F,2,CTYZ_00001280,0.79,0.84,0.05,TRUE,TRUE
5,TGTTCCGATTTATCAAAGACTT,TTGTTGATCTTCAAAGCTTCTT,NA,T,F,2,CTYZ_00001280,0.79,0.86,0.07,TRUE,TRUE
6,TGTTCCGATTTATCAAAGACTT,TGTTGTTGATCTTCAAAGCTT,NA,T,F,2,CTYZ_00001280,0.79,0.84,0.05,TRUE,TRUE
7,TGTTCCGATTTATCAAAGACTT,TTCCGTAGTTTTACCAATAATTAATT,NA,T,F,2,CTYZ_00001280,0.79,0.81,0.02,TRUE,TRUE
1,GGAGAGAAAGAAGCAGACTAT,GAATCCTTCTTTTCAACAGAGAA,NA,T,F,1,CTYZ_00000259,0.84,0.85,0.01,TRUE,TRUE
4,GGAGAGAAAGAAGCAGACTAT,GTATTGAAAGAATTAACAACTCGAG,NA,T,F,2,CTYZ_00000259,0.84,0.82,0.02,TRUE,TRUE
6,GGAGAGAAAGAAGCAGACTAT,CCTTCTTTTCAACAGAGAAAGAT,NA,T,F,1,CTYZ_00000259,0.84,0.8,0.04,TRUE,TRUE
7,GGAGAGAAAGAAGCAGACTAT,CCTTCTTTTCAACAGAGAAAGATA,NA,T,F,1,CTYZ_00000259,0.84,0.91,0.07,TRUE,TRUE
8,GGAGAGAAAGAAGCAGACTAT,TGTATTGAAAGAATTAACAACTCGA,NA,T,F,2,CTYZ_00000259,0.84,0.91,0.07,TRUE,TRUE
4,AGCCTTAAATAAATCAGGAAAACA,TTTTGAACGAGGTACATTCTTT,NA,T,F,3,CTYZ_00003289,0.85,0.85,0,TRUE,TRUE
8,AGCCTTAAATAAATCAGGAAAACA,CCATATTACCATCTTGCCTAAATAT,NA,T,F,3,CTYZ_00003289,0.85,0.9,0.05,TRUE,TRUE
10,AGCCTTAAATAAATCAGGAAAACA,TGCCTAAATATTAGCTTACCAATA,NA,T,F,3,CTYZ_00003289,0.85,0.84,0.01,TRUE,TRUE
10,TTGGGGTCAAACTAAAACATC,TCATTTGATGATGATGATTTTGTATT,NA,T,F,3,CTYZ_00000700,0.82,0.89,0.07,TRUE,TRUE
5,GGTGCAGAAAGTAAAACAACC,TGGCTTCATATTGAATCATCTTT,NA,T,F,1,CTYZ_00000928,0.92,0.87,0.05,TRUE,TRUE
6,TGGGAAGTTTTCCTGGTAAC,ACAATCACTTTCGCTGCA,NA,T,F,1,CTYZ_00002505,0.76,0.84,0.08,TRUE,TRUE
10,TGGGAAGTTTTCCTGGTAAC,TGGAATTATTCTCTGAACAAGATAT,NA,T,F,1,CTYZ_00002505,0.76,0.8,0.04,TRUE,TRUE
2,GAGATTCGCTACTATCCCTTAA,ACTTGAAGTAGGAGTTTTTATTTCTT,NA,T,F,1,CTYZ_00003592,0.89,0.93,0.04,TRUE,TRUE
6,GAGATTCGCTACTATCCCTTAA,TCATTACTTGAAGTAGGAGTTTTTAT,NA,T,F,1,CTYZ_00003592,0.89,0.9,0.01,TRUE,TRUE
7,GAGATTCGCTACTATCCCTTAA,TTCTTAATTCATTACTTGAAGTAGGA,NA,T,F,1,CTYZ_00003592,0.89,0.8,0.09,TRUE,TRUE
8,GAGATTCGCTACTATCCCTTAA,CATTACTTGAAGTAGGAGTTTTTATT,NA,T,F,1,CTYZ_00003592,0.89,0.81,0.08,TRUE,TRUE
10,GAGATTCGCTACTATCCCTTAA,TCCTTTGAATTTACATTATTGTCTTT,NA,T,F,2,CTYZ_00003592,0.89,0.81,0.08,TRUE,TRUE
1,TCAGACAAAGCAAAACCTG,GCCTTCTTTAAGTCCTTTAATTTT,NA,T,F,1,CTYZ_00002345,0.76,0.83,0.07,TRUE,TRUE
9,TCAGACAAAGCAAAACCTG,TGCCTTCTTTAAGTCCTTTAATT,NA,T,F,1,CTYZ_00002345,0.76,0.85,0.09,TRUE,TRUE
2,TCAAGAAAGCCAAAAGCCT,CAGAAAAATCAGAGTCACTATAATTT,NA,T,F,2,CTYZ_00000730,0.87,0.82,0.05,TRUE,TRUE
3,TCAAGAAAGCCAAAAGCCT,GCCAAGCATTCACTGGTT,NA,T,F,2,CTYZ_00000730,0.87,0.94,0.07,TRUE,TRUE
5,TCAAGAAAGCCAAAAGCCT,TCAGAAAAATCAGAGTCACTATAATT,NA,T,F,2,CTYZ_00000730,0.87,0.92,0.05,TRUE,TRUE
8,TCAAGAAAGCCAAAAGCCT,AAATCAGAGTCACTATAATTTCTAGT,NA,T,F,2,CTYZ_00000730,0.87,0.81,0.06,TRUE,TRUE
6,CCACAATTCAAAGGGTTGG,TGCTTTGATCTTGAAGAATGC,NA,T,F,1,CTYZ_00003902,0.78,0.86,0.08,TRUE,TRUE
2,TCCGTTATTTATGGTATTGATAGG,GCCATTTGACGATATATTTTCGT,NA,T,F,3,CTYZ_00003591,0.8,0.88,0.08,TRUE,TRUE
3,TCCGTTATTTATGGTATTGATAGG,ATATTTTCGTTAAAAAGTCAAGCA,NA,T,F,3,CTYZ_00003591,0.8,0.8,0,TRUE,TRUE
9,TCCGTTATTTATGGTATTGATAGG,AAAATAAGCCATTTGACGATATATT,NA,T,F,3,CTYZ_00003591,0.8,0.87,0.07,TRUE,TRUE
1,CAGGCCACTCTCAGGAA,AAAAAGCATACTCCAGTAATCC,NA,T,F,2,CTYZ_00000065,0.85,0.84,0.01,TRUE,TRUE
4,CAGGCCACTCTCAGGAA,AAAAAAAAGCATACTCCAGTAATC,NA,T,F,2,CTYZ_00000065,0.85,0.87,0.02,TRUE,TRUE
7,CAGGCCACTCTCAGGAA,CCAGTAATCCCTCTTAATGAAATA,NA,T,F,2,CTYZ_00000065,0.85,0.85,0,TRUE,TRUE
8,CAGGCCACTCTCAGGAA,CATACTCCAGTAATCCCTCTT,NA,T,F,2,CTYZ_00000065,0.85,0.81,0.04,TRUE,TRUE
9,CAGGCCACTCTCAGGAA,AGACCCAAAAAAAAGCATACTC,NA,T,F,2,CTYZ_00000065,0.85,0.89,0.04,TRUE,TRUE
3,GCTGGGTTGCTAACTACG,TCAATTATTTCTGCTGAGCTTAT,NA,T,F,1,CTYZ_00002048,0.88,0.85,0.03,TRUE,TRUE
5,GCTGGGTTGCTAACTACG,CAATTATTTCTGCTGAGCTTATTT,NA,T,F,1,CTYZ_00002048,0.88,0.83,0.05,TRUE,TRUE
6,GCTGGGTTGCTAACTACG,TCAATTATTTCTGCTGAGCTTATT,NA,T,F,1,CTYZ_00002048,0.88,0.93,0.05,TRUE,TRUE
7,GCTGGGTTGCTAACTACG,CTCAATTATTTCTGCTGAGCTTA,NA,T,F,1,CTYZ_00002048,0.88,0.91,0.03,TRUE,TRUE
9,GCTGGGTTGCTAACTACG,AATTATTTCTGCTGAGCTTATTTTTA,NA,T,F,1,CTYZ_00002048,0.88,0.93,0.05,TRUE,TRUE
1,TCTCAATCCCAATATTCTTCAGA,GGGTTTAGATTTAAGTTTTTGAACAA,NA,T,F,1,CTYZ_00003626,0.92,0.88,0.04,TRUE,TRUE
2,TCTCAATCCCAATATTCTTCAGA,ACGGGTTTAGATTTAAGTTTTTGA,NA,T,F,1,CTYZ_00003626,0.92,0.92,0,TRUE,TRUE
6,TCTCAATCCCAATATTCTTCAGA,CGGGTTTAGATTTAAGTTTTTGAAC,NA,T,F,1,CTYZ_00003626,0.92,0.91,0.01,TRUE,TRUE
6,CCATGAAATTGAATTTACAAATGAAA,ACAGGGGGTCTCTTTGG,NA,F,F,2,CTYZ_00002282,0.74,0.83,0.09,TRUE,TRUE
6,GAATCGGTTTTTCAAAGAAAAAAAT,TTAACACTTCAATCGCTTCTT,NA,F,F,2,CTYZ_00003259,0.81,0.83,0.02,TRUE,TRUE
4,ACTATTTCCTGTTAGAGAAAAAGAG,CCTGACTAGGCAGTATAACCT,NA,F,F,2,CTYZ_00003813,0.82,0.9,0.08,TRUE,TRUE
1,CAAGTCAACAGACCAAAAAATT,CATTTTCCTACAAATTAACCATTTTT,NA,F,F,1,CTYZ_00003004,0.72,0.8,0.08,TRUE,TRUE
1,AAATACTACCTTGGATTTAAAACATC,CTTCAGGTCTAAAAGATTGATTATTT,NA,F,F,1,CTYZ_00003529,0.9,0.84,0.06,TRUE,TRUE
2,AAATACTACCTTGGATTTAAAACATC,GCTTCAGGTCTAAAAGATTGATTATT,NA,F,F,1,CTYZ_00003529,0.9,0.97,0.07,TRUE,TRUE
4,AAATACTACCTTGGATTTAAAACATC,GCTTCAGGTCTAAAAGATTGATTAT,NA,F,F,1,CTYZ_00003529,0.9,0.93,0.03,TRUE,TRUE
1,GTTCATCAGTTGCCAATAAATTT,TCCTCCAACAAGCTGATATAC,NA,F,F,2,CTYZ_00001177,0.86,0.88,0.02,TRUE,TRUE
4,GTTCATCAGTTGCCAATAAATTT,GCTGATATACTACACCTTCCATAT,NA,F,F,2,CTYZ_00001177,0.86,0.94,0.08,TRUE,TRUE
8,GTTCATCAGTTGCCAATAAATTT,ACCTTCCATATCACCTTTATATTTAA,NA,F,F,2,CTYZ_00001177,0.86,0.84,0.02,TRUE,TRUE
10,GTTCATCAGTTGCCAATAAATTT,GTCCTCCAACAAGCTGATATA,NA,F,F,2,CTYZ_00001177,0.86,0.93,0.07,TRUE,TRUE
7,TTGATCACGGAGAAGAAAGTA,ATTGCTTTTGTGATACTTATCAAATA,NA,F,F,1,CTYZ_00001955,0.89,0.87,0.02,TRUE,TRUE
9,TGCAGAAAGAACAACTTTTGAA,AGAGATATCAATATCTTCGTCAATTT,NA,F,F,1,CTYZ_00000083,0.75,0.81,0.06,TRUE,TRUE
10,TGCAGAAAGAACAACTTTTGAA,ATCTTCGTCAATTTCCTCTTTAA,NA,F,F,1,CTYZ_00000083,0.75,0.8,0.05,TRUE,TRUE
3,GCGCTTCTACAAGACCATG,AAATTACGACTTTTTCCAAATACAA,NA,F,F,1,CTYZ_00001989,0.93,0.86,0.07,TRUE,TRUE
5,GCGCTTCTACAAGACCATG,CCAAGCAAATAATAAAAAATTACGAC,NA,F,F,1,CTYZ_00001989,0.93,0.84,0.09,TRUE,TRUE
7,GCGCTTCTACAAGACCATG,TGAAGACAGTATTGAAGAAGTACT,NA,F,F,1,CTYZ_00001989,0.93,0.86,0.07,TRUE,TRUE
1,GTCTTGGGGCAGGATATTTA,TGAAACTTCTCCATCGGTTT,NA,F,F,2,CTYZ_00001042,0.91,0.9,0.01,TRUE,TRUE
5,GTCTTGGGGCAGGATATTTA,TCCTCAACTCCAGCTAAATT,NA,F,F,2,CTYZ_00001042,0.91,0.9,0.01,TRUE,TRUE
9,GTCTTGGGGCAGGATATTTA,GCTTCCTCAACTCCAGCT,NA,F,F,2,CTYZ_00001042,0.91,0.94,0.03,TRUE,TRUE
2,GGATTTTGATCAATGTCTGGATA,AACTTTGCTTACTTTGGGTATAA,NA,F,F,1,CTYZ_00003324,0.91,0.88,0.03,TRUE,TRUE
1,AGAATGGACTAAAATGGAAAAAATAC,AGTAAATCATCAATACGTCTTTTTTT,NA,F,F,1,CTYZ_00000700,0.84,0.88,0.04,TRUE,TRUE
2,AGAATGGACTAAAATGGAAAAAATAC,AAGTAAATCATCAATACGTCTTTTTT,NA,F,F,1,CTYZ_00000700,0.84,0.93,0.09,TRUE,TRUE
3,AGAATGGACTAAAATGGAAAAAATAC,GTAAGTAAATCATCAATACGTCTTTT,NA,F,F,1,CTYZ_00000700,0.84,0.87,0.03,TRUE,TRUE
5,AGAATGGACTAAAATGGAAAAAATAC,TGTAAGTAAATCATCAATACGTCTT,NA,F,F,1,CTYZ_00000700,0.84,0.89,0.05,TRUE,TRUE
1,TGGTGCAGAAAGTAAAACAAC,TGGCTTCATATTGAATCATCTTT,NA,F,F,1,CTYZ_00000928,0.86,0.87,0.01,TRUE,TRUE
8,CATTATCTTTTATAGGCGATATTCAG,CCCTTCCTCCACGTTATT,NA,F,F,3,CTYZ_00003331,0.78,0.82,0.04,TRUE,TRUE
6,AGCTAAAATTCAAAGAAAAGTTAGTC,TGAGTAATATTTTGAATTTCCCCA,NA,F,F,2,CTYZ_00002123,0.89,0.8,0.09,TRUE,TRUE
1,GATTATGAGGGAAAAGAAAAACTG,TCAGAGCAACGAATGTTAATTT,NA,F,F,1,CTYZ_00002552,0.81,0.9,0.09,TRUE,TRUE
4,GATTATGAGGGAAAAGAAAAACTG,GAATTGAAAAGCGTATAGATAGTATT,NA,F,NA,1,CTYZ_00002552,0.81,0.87,0.06,TRUE,TRUE
6,GATTATGAGGGAAAAGAAAAACTG,TCAGAGCAACGAATGTTAATT,NA,F,NA,1,CTYZ_00002552,0.81,0.83,0.02,TRUE,TRUE
7,GATTATGAGGGAAAAGAAAAACTG,CCTCATCACTGTCTTCATTAAATT,NA,F,NA,1,CTYZ_00002552,0.81,0.88,0.07,TRUE,TRUE
9,GATTATGAGGGAAAAGAAAAACTG,GGTCAGAGCAACGAATGT,NA,F,NA,1,CTYZ_00002552,0.81,0.83,0.02,TRUE,TRUE
10,GATTATGAGGGAAAAGAAAAACTG,AAAGCGTATAGATAGTATTTTGGT,NA,F,NA,1,CTYZ_00002552,0.81,0.84,0.03,TRUE,TRUE
3,TCGACTGATAATTTAATCAAATTCTC,AGAACTTGGTTTTGTTCCATTT,NA,F,NA,2,CTYZ_00002281,0.84,0.87,0.03,TRUE,TRUE
4,TCGACTGATAATTTAATCAAATTCTC,GGTCCTGGTCTCCCATTT,NA,F,NA,2,CTYZ_00002281,0.84,0.81,0.03,TRUE,TRUE
5,TCGACTGATAATTTAATCAAATTCTC,AGGAGACGAACCTGAATTT,NA,F,NA,2,CTYZ_00002281,0.84,0.8,0.04,TRUE,TRUE
8,TCGACTGATAATTTAATCAAATTCTC,CCCATTTCGGTCTCTTCTT,NA,F,NA,2,CTYZ_00002281,0.84,0.84,0,TRUE,TRUE
9,TCGACTGATAATTTAATCAAATTCTC,CCATTCAAATCGACTTGTCTT,NA,F,NA,2,CTYZ_00002281,0.84,0.86,0.02,TRUE,TRUE
7,TCTAATTGCGTTATATTAAGTGGG,TCATTTTAACTGAAGTGGGAATAT,NA,F,NA,2,CTYZ_00003157,0.9,0.87,0.03,TRUE,TRUE
9,TCTAATTGCGTTATATTAAGTGGG,TGCGGCGAAAGATAACTTA,NA,F,NA,2,CTYZ_00003157,0.9,0.9,0,TRUE,TRUE
10,TCTAATTGCGTTATATTAAGTGGG,CGAAAGATAACTTAAAATCCTTGCT,NA,F,NA,2,CTYZ_00003157,0.9,0.93,0.03,TRUE,TRUE
1,TTTTTTCTTTGGATCAACCTGA,TTTTCACAAATATTAACCGAACTTAT,NA,F,NA,2,CTYZ_00000001,0.79,0.82,0.03,TRUE,TRUE
2,TGAATAAAGGTAGTTCACACATT,GCTCTTAAACTTGAAAATGTTTTATC,NA,F,NA,1,CTYZ_00000166,0.79,0.8,0.01,TRUE,TRUE
4,TGAATAAAGGTAGTTCACACATT,CTGCTCTTAAACTTGAAAATGTT,NA,F,NA,1,CTYZ_00000166,0.79,0.83,0.04,TRUE,TRUE
1,TGGTCTCTCAGAAAAAGCG,CCACAGCGACAAATAGTTTT,NA,F,NA,1,CTYZ_00003488,0.85,0.85,0,TRUE,TRUE
3,TGGTCTCTCAGAAAAAGCG,AAAACAGGTTCTCCATTACTATTT,NA,F,NA,2,CTYZ_00003488,0.85,0.91,0.06,TRUE,TRUE
6,TGGTCTCTCAGAAAAAGCG,ACAAATAGTTTTGATTTCAGTAAGTT,NA,F,NA,1,CTYZ_00003488,0.85,0.8,0.05,TRUE,TRUE
7,TGGTCTCTCAGAAAAAGCG,AAAAACAGGTTCTCCATTACTATT,NA,F,NA,2,CTYZ_00003488,0.85,0.91,0.06,TRUE,TRUE
8,TGGTCTCTCAGAAAAAGCG,ACAGCGACAAATAGTTTTGATT,NA,F,NA,1,CTYZ_00003488,0.85,0.87,0.02,TRUE,TRUE
9,TGGTCTCTCAGAAAAAGCG,CAGAAAAAACAGGTTCTCCATT,NA,F,NA,2,CTYZ_00003488,0.85,0.91,0.06,TRUE,TRUE
10,TGGTCTCTCAGAAAAAGCG,GTTCTCCATTACTATTTAATCTGGT,NA,F,NA,2,CTYZ_00003488,0.85,0.8,0.05,TRUE,TRUE
2,ACGGTAACTCTAGGAAACATAT,GCAATAATTACCCTGATATACTCTT,NA,F,NA,2,CTYZ_00003251,0.83,0.89,0.06,TRUE,TRUE
4,ACGGTAACTCTAGGAAACATAT,TGTTATAGCAATAATTACCCTGATAT,NA,F,NA,2,CTYZ_00003251,0.83,0.82,0.01,TRUE,TRUE
6,ACGGTAACTCTAGGAAACATAT,TGTGTTATAGCAATAATTACCCTG,NA,F,NA,2,CTYZ_00003251,0.83,0.81,0.02,TRUE,TRUE
8,ACGGTAACTCTAGGAAACATAT,AATTACCCTGATATACTCTTTCAC,NA,F,NA,2,CTYZ_00003251,0.83,0.82,0.01,TRUE,TRUE
9,ACGGTAACTCTAGGAAACATAT,TGTTATAGCAATAATTACCCTGATA,NA,F,NA,2,CTYZ_00003251,0.83,0.82,0.01,TRUE,TRUE
10,ACGGTAACTCTAGGAAACATAT,GTGTTATAGCAATAATTACCCTGA,NA,F,NA,2,CTYZ_00003251,0.83,0.83,0,TRUE,TRUE
1,GCAGGGGAAAGTATTAAAAACTT,GCTCTAACTCATTCTTTAAAACTTTT,NA,F,NA,2,CTYZ_00003981,0.94,0.92,0.02,TRUE,TRUE
2,GCAGGGGAAAGTATTAAAAACTT,AGTTCACACCACAGATTAATTTT,NA,F,NA,2,CTYZ_00003981,0.94,0.88,0.06,TRUE,TRUE
4,GCAGGGGAAAGTATTAAAAACTT,TCAATTAACACTGCAATTATCCTT,NA,F,NA,2,CTYZ_00003981,0.94,0.95,0.01,TRUE,TRUE
5,GCAGGGGAAAGTATTAAAAACTT,CCTTATAGTTCACACCACAGATT,NA,F,NA,2,CTYZ_00003981,0.94,0.96,0.02,TRUE,TRUE
6,GCAGGGGAAAGTATTAAAAACTT,ATAGTTCACACCACAGATTAATT,NA,F,NA,2,CTYZ_00003981,0.94,0.85,0.09,TRUE,TRUE
7,GCAGGGGAAAGTATTAAAAACTT,CACACCACAGATTAATTTTCAATT,NA,F,NA,2,CTYZ_00003981,0.94,0.87,0.07,TRUE,TRUE
8,GCAGGGGAAAGTATTAAAAACTT,TCAATTAACACTGCAATTATCCT,NA,F,NA,2,CTYZ_00003981,0.94,0.85,0.09,TRUE,TRUE
10,GCAGGGGAAAGTATTAAAAACTT,CCTTATAGTTCACACCACAGAT,NA,F,NA,2,CTYZ_00003981,0.94,0.86,0.08,TRUE,TRUE
2,AGAGCAGTTCGTAAACAACT,TCAAGATAATATTGGGACGTTTT,NA,F,NA,1,CTYZ_00003160,0.83,0.89,0.06,TRUE,TRUE
4,AGAGCAGTTCGTAAACAACT,GTCAAGATAATATTGGGACGTTT,NA,F,NA,1,CTYZ_00003160,0.83,0.91,0.08,TRUE,TRUE
7,AGAGCAGTTCGTAAACAACT,ATATACTTACGCATTCATACGTT,NA,F,NA,1,CTYZ_00003160,0.83,0.8,0.03,TRUE,TRUE
8,AGAGCAGTTCGTAAACAACT,GTCAAGATAATATTGGGACGTT,NA,F,NA,1,CTYZ_00003160,0.83,0.84,0.01,TRUE,TRUE
1,TCGTCTTTACATGTTAAAACCAT,CCTTGGAGCATACACCTTT,NA,F,NA,2,CTYZ_00000498,0.86,0.91,0.05,TRUE,TRUE
2,TCGTCTTTACATGTTAAAACCAT,GTTGGAAAAGTAATAGTGCCTT,NA,F,NA,2,CTYZ_00000498,0.86,0.82,0.04,TRUE,TRUE
3,TCGTCTTTACATGTTAAAACCAT,CCTTGGAGCATACACCTT,NA,F,NA,2,CTYZ_00000498,0.86,0.84,0.02,TRUE,TRUE
4,TCGTCTTTACATGTTAAAACCAT,GGTAATTTTGTTGGAAAAGTAATAGT,NA,F,NA,2,CTYZ_00000498,0.86,0.82,0.04,TRUE,TRUE
8,TCGTCTTTACATGTTAAAACCAT,GCCTTGGAGCATACACCT,NA,F,NA,2,CTYZ_00000498,0.86,0.94,0.08,TRUE,TRUE
1,TTTTCGTTTTCTCAACTAAAAAAATC,TCTTGTGATTCTGATAACTCTATTT,NA,F,NA,1,CTYZ_00002829,0.82,0.88,0.06,TRUE,TRUE
2,TTTTCGTTTTCTCAACTAAAAAAATC,TTCTTGTGATTCTGATAACTCTATT,NA,F,NA,1,CTYZ_00002829,0.82,0.83,0.01,TRUE,TRUE
5,TTTTCGTTTTCTCAACTAAAAAAATC,TCATTATCTGTTTCTTGTGATTCT,NA,F,NA,1,CTYZ_00002829,0.82,0.8,0.02,TRUE,TRUE
6,TTTTCGTTTTCTCAACTAAAAAAATC,GTTTCTTGTGATTCTGATAACTCT,NA,F,NA,1,CTYZ_00002829,0.82,0.84,0.02,TRUE,TRUE
7,TTTTCGTTTTCTCAACTAAAAAAATC,TCTTCCGAAACTTTCAGCT,NA,F,NA,1,CTYZ_00002829,0.82,0.8,0.02,TRUE,TRUE
10,TTTTCGTTTTCTCAACTAAAAAAATC,TTTCTTGTGATTCTGATAACTCTAT,NA,F,NA,1,CTYZ_00002829,0.82,0.8,0.02,TRUE,TRUE
4,AAGCAAAGTATTATTTTTATCGCTAT,TCAGAAATGTCTACAGGTTTTTT,NA,F,NA,1,CTYZ_00003162,0.9,0.89,0.01,TRUE,TRUE
5,AAGCAAAGTATTATTTTTATCGCTAT,CTCAGAAATGTCTACAGGTTTTT,NA,F,NA,1,CTYZ_00003162,0.9,0.88,0.02,TRUE,TRUE
7,AAGCAAAGTATTATTTTTATCGCTAT,GCTCAGAAATGTCTACAGGTTT,NA,F,NA,1,CTYZ_00003162,0.9,0.96,0.06,TRUE,TRUE
8,AAGCAAAGTATTATTTTTATCGCTAT,GCTCAGAAATGTCTACAGGTT,NA,F,NA,1,CTYZ_00003162,0.9,0.93,0.03,TRUE,TRUE
9,AAGCAAAGTATTATTTTTATCGCTAT,CATTTTCAACCAAAAATTTAGCTATT,NA,F,NA,1,CTYZ_00003162,0.9,0.85,0.05,TRUE,TRUE
1,TGTTGGCAGAAAATATTCCTTG,GAAATTTGAGAAATCCATCTCCT,NA,F,NA,1,CTYZ_00003603,0.88,0.84,0.04,TRUE,TRUE
8,TGTTGGCAGAAAATATTCCTTG,TCCATCTCCTCCATGCC,NA,F,NA,1,CTYZ_00003603,0.88,0.9,0.02,TRUE,TRUE
9,TGTTGGCAGAAAATATTCCTTG,TGAAATTTGAGAAATCCATCTCC,NA,F,NA,1,CTYZ_00003603,0.88,0.82,0.06,TRUE,TRUE
10,TGTTGGCAGAAAATATTCCTTG,TCCATGCCCTGTTAGAAATAT,NA,F,NA,1,CTYZ_00003603,0.88,0.9,0.02,TRUE,TRUE
8,TTATTGTAAAAGTCTTGACCAAAATA,ACAATATAATAAGTAATATTCCGGGA,NA,F,NA,1,CTYZ_00003424,0.87,0.8,0.07,TRUE,TRUE
3,TGAGCATGGATTAAACGAAAAA,GGTTGTTTACGAAATTTGATATCC,NA,F,NA,1,CTYZ_00003325,0.85,0.84,0.01,TRUE,TRUE
5,TGAGCATGGATTAAACGAAAAA,AACATATGGTTGTTTACGAAATTT,NA,F,NA,1,CTYZ_00003325,0.85,0.88,0.03,TRUE,TRUE
7,TGAGCATGGATTAAACGAAAAA,TGGTTGTTTACGAAATTTGATATC,NA,F,NA,1,CTYZ_00003325,0.85,0.81,0.04,TRUE,TRUE
10,TGAGCATGGATTAAACGAAAAA,ATATGGTTGTTTACGAAATTTGATAT,NA,F,NA,1,CTYZ_00003325,0.85,0.89,0.04,TRUE,TRUE
1,ACTCATATATTGTTCCCAAAAAACT,TTCTTCTTCTTTTCGTTAGATTTTT,NA,F,NA,1,CTYZ_00003663,0.84,0.81,0.03,TRUE,TRUE
2,ACTCATATATTGTTCCCAAAAAACT,TTTCTTCTTCTTTTCGTTAGATTTT,NA,F,NA,1,CTYZ_00003663,0.84,0.81,0.03,TRUE,TRUE
3,ACTCATATATTGTTCCCAAAAAACT,TTTTCATATAATTCCACAATTAGCTT,NA,F,NA,1,CTYZ_00003663,0.84,0.84,0,TRUE,TRUE
4,ACTCATATATTGTTCCCAAAAAACT,CTATTTCTTCTTCTTTTCGTTAGATT,NA,F,NA,1,CTYZ_00003663,0.84,0.84,0,TRUE,TRUE
5,ACTCATATATTGTTCCCAAAAAACT,ATAATTCCACAATTAGCTTGCT,NA,F,NA,1,CTYZ_00003663,0.84,0.81,0.03,TRUE,TRUE
9,ACTCATATATTGTTCCCAAAAAACT,TCTTCTTCTTTTCGTTAGATTTTTC,NA,F,NA,1,CTYZ_00003663,0.84,0.87,0.03,TRUE,TRUE
10,ACTCATATATTGTTCCCAAAAAACT,CATATAATTCCACAATTAGCTTGC,NA,F,NA,1,CTYZ_00003663,0.84,0.82,0.02,TRUE,TRUE
1,AGCTCTATTTTGGAAGAAAAGATA,AATAGATAATTCGGATAAGAGCTTT,NA,F,NA,1,CTYZ_00000820,0.87,0.92,0.05,TRUE,TRUE
2,AGCTCTATTTTGGAAGAAAAGATA,AAATAGATAATTCGGATAAGAGCTT,NA,F,NA,1,CTYZ_00000820,0.87,0.92,0.05,TRUE,TRUE
3,AGCTCTATTTTGGAAGAAAAGATA,AGATAATTCGGATAAGAGCTTTAATT,NA,F,NA,1,CTYZ_00000820,0.87,0.92,0.05,TRUE,TRUE
4,AGCTCTATTTTGGAAGAAAAGATA,TTATCCCCAGCAAAATAGATAATT,NA,F,NA,1,CTYZ_00000820,0.87,0.89,0.02,TRUE,TRUE
5,AGCTCTATTTTGGAAGAAAAGATA,CCAGCAAAATAGATAATTCGGAT,NA,F,NA,1,CTYZ_00000820,0.87,0.85,0.02,TRUE,TRUE
9,AGCTCTATTTTGGAAGAAAAGATA,CCCAGCAAAATAGATAATTCGG,NA,F,NA,1,CTYZ_00000820,0.87,0.88,0.01,TRUE,TRUE
10,AGCTCTATTTTGGAAGAAAAGATA,CCCCAGCAAAATAGATAATTCG,NA,F,NA,1,CTYZ_00000820,0.87,0.88,0.01,TRUE,TRUE
5,TTAAAAGAGCTATTCTCCAATAAATC,TCAGTTTGGTAAATTTTTTTCTGG,NA,F,NA,1,CTYZ_00002199,0.77,0.86,0.09,TRUE,TRUE
7,AGAGCTATTCTCCAATAAATCAATT,AAGTCAGTTTGGTAAATTTTTTTCT,NA,F,NA,1,CTYZ_00002199,0.88,0.87,0.01,TRUE,TRUE
8,AGAGCTATTCTCCAATAAATCAATT,AGTCAGTTTGGTAAATTTTTTTCTG,NA,F,NA,1,CTYZ_00002199,0.88,0.86,0.02,TRUE,TRUE
9,AGAGCTATTCTCCAATAAATCAATT,TCAGTTTGGTAAATTTTTTTCTGG,NA,F,NA,1,CTYZ_00002199,0.88,0.86,0.02,TRUE,TRUE
4,TGATCCAGAATATTGGGCTG,TTTCCATCCTTCTTCTCCTC,NA,F,NA,2,CTYZ_00003957,0.82,0.82,0,TRUE,TRUE