"","V1","V2","V3","V4","V5","V6","V7","V8"
"1",1,"GCATTATGAGCAAGAAACGATC","TCTAAGGTAGGTCCCTAAAATTT","CTYZ_00002277",0.96,0.88,0.08,TRUE
"2",2,"GCATTATGAGCAAGAAACGATC","CAATCCTGATATTAGTCCTAATGTT","CTYZ_00002277",0.96,0.88,0.08,TRUE
"3",1,"AGCTTGACAGAGTTGAAAATTTA","TTTTCTTCTCAATTTTTCTTTCCTT","CTYZ_00002280",0.91,0.86,0.05,TRUE
"4",2,"AGCTTGACAGAGTTGAAAATTTA","GTTTTCTTCTCAATTTTTCTTTCCT","CTYZ_00002280",0.91,0.84,0.07,TRUE
"5",5,"AGCTTGACAGAGTTGAAAATTTA","CGTTTTCTTCTCAATTTTTCTTTCC","CTYZ_00002280",0.91,0.94,0.03,TRUE
"6",9,"AGCTTGACAGAGTTGAAAATTTA","TCTTCTCAATTTTTCTTTCCTTGA","CTYZ_00002280",0.91,0.92,0.01,TRUE
"7",1,"AAGGAGATCAGACTAAAACTGA","ACTTTCACAATCACCATCATTT","CTYZ_00000582",0.88,0.88,0,TRUE
"8",2,"AAGGAGATCAGACTAAAACTGA","ACTTTCACAATCACCATCATT","CTYZ_00000582",0.88,0.8,0.08,TRUE
"9",5,"AAGGAGATCAGACTAAAACTGA","TTCACAATCACCATCATTTCC","CTYZ_00000582",0.88,0.8,0.08,TRUE
"10",6,"AAGGAGATCAGACTAAAACTGA","CACAATCACCATCATTTCCC","CTYZ_00000582",0.88,0.82,0.06,TRUE
"11",8,"TTATATTTATACGAAGAGAAAATCGC","AGAAGTCCCTGATCCCTTT","CTYZ_00000582",0.8,0.86,0.06,TRUE
"12",9,"TTATATTTATACGAAGAGAAAATCGC","CCTGGTTTATCATTGGGATTT","CTYZ_00000582",0.8,0.79,0.01,TRUE
"13",10,"TTATATTTATACGAAGAGAAAATCGC","AGAAGTCCCTGATCCCTT","CTYZ_00000582",0.8,0.76,0.04,TRUE
"14",1,"ATCCCTTTAAGAATGAAACCATT","AATTTATTAAAACTTACCTCTCCTCT","CTYZ_00002116",0.84,0.88,0.04,TRUE
"15",2,"ATTGTCGATTTTTTTTTTAAATTGGT","CTACAAGACAAAAACTTAGTATCTTT","CTYZ_00002116",0.79,0.82,0.03,TRUE
"16",3,"ATTGTCGATTTTTTTTTTAAATTGGT","CTATTTACAAGCATTGGTAAAGTT","CTYZ_00002116",0.79,0.77,0.02,TRUE
"17",5,"ATTGTCGATTTTTTTTTTAAATTGGT","CTTGAAACTACAAGACAAAAACTT","CTYZ_00002116",0.79,0.83,0.04,TRUE
"18",9,"ATTGTCGATTTTTTTTTTAAATTGGT","TTACAAGCATTGGTAAAGTTGT","CTYZ_00002116",0.79,0.8,0.01,TRUE
"19",1,"GTATCCCAAGCCAAAATGAG","ATCCTCCTATGAATTCTCCATT","CTYZ_00001597",0.79,0.85,0.06,TRUE
"20",4,"GTATCCCAAGCCAAAATGAG","GCATCTTTTGGTATTTCATTAACT","CTYZ_00001597",0.79,0.74,0.05,TRUE
"21",5,"GTATCCCAAGCCAAAATGAG","AATCCTCCTATGAATTCTCCAT","CTYZ_00001597",0.79,0.86,0.07,TRUE
"22",6,"GTATCCCAAGCCAAAATGAG","GGTATTTCATTAACTAACTCACCAT","CTYZ_00001597",0.79,0.87,0.08,TRUE
"23",7,"GTATCCCAAGCCAAAATGAG","GTATTTCATTAACTAACTCACCATTG","CTYZ_00001597",0.79,0.85,0.06,TRUE
"24",9,"GTATCCCAAGCCAAAATGAG","CATTTCATTCAAGATATCTAATCCTC","CTYZ_00001597",0.79,0.79,0,TRUE
"25",10,"GTATCCCAAGCCAAAATGAG","TCTTTTGGTATTTCATTAACTAACTC","CTYZ_00001597",0.79,0.84,0.05,TRUE
"26",1,"CTGTACAAAACCCACAAAAAAAA","CGATTTGAAATTGATTTTGCTTTT","CTYZ_00001180",0.84,0.86,0.02,TRUE
"27",2,"CTGTACAAAACCCACAAAAAAAA","TGATTGTTTCTTTATCCCCTTTT","CTYZ_00001180",0.84,0.88,0.04,TRUE
"28",5,"CTGTACAAAACCCACAAAAAAAA","TGCCGTTGATTGTTTCTTT","CTYZ_00001180",0.84,0.81,0.03,TRUE
"29",6,"CTGTACAAAACCCACAAAAAAAA","ACGATTTGAAATTGATTTTGCTTT","CTYZ_00001180",0.84,0.93,0.09,TRUE
"30",7,"CTGTACAAAACCCACAAAAAAAA","TTGATTGTTTCTTTATCCCCTTT","CTYZ_00001180",0.84,0.88,0.04,TRUE
"31",8,"CTGTACAAAACCCACAAAAAAAA","GGTATGAACGATTTGAAATTGATTT","CTYZ_00001180",0.84,0.93,0.09,TRUE
"32",9,"CTGTACAAAACCCACAAAAAAAA","TCTCAAAATGGTATGAACGATTT","CTYZ_00001180",0.84,0.93,0.09,TRUE
"33",10,"CTGTACAAAACCCACAAAAAAAA","TGAAATTGCCGTTGATTGTT","CTYZ_00001180",0.84,0.9,0.06,TRUE
"34",3,"GGATTTTGTTAGAGAAAAAGCC","GCCTTTTCAAGAAGTAATAATGG","CTYZ_00000242",0.71,0.68,0.03,TRUE
"35",5,"GGATTTTGTTAGAGAAAAAGCC","CTTTTCAAGAAGTAATAATGGGATAC","CTYZ_00000242",0.71,0.78,0.07,TRUE
"36",8,"ACTTCAAATTTGATTTCAAAAAGATC","GGGATACCAATACAATTTCATTATTT","CTYZ_00000242",0.77,0.72,0.05,TRUE
"37",1,"TTCATCTCTTCCATAAACAAAAAATA","CGGTAAATCGCAGTCATTATT","CTYZ_00003845",0.87,0.89,0.02,TRUE
"38",2,"TTCATCTCTTCCATAAACAAAAAATA","ACGGTAAATCGCAGTCATT","CTYZ_00003845",0.87,0.91,0.04,TRUE
"39",4,"TTCATCTCTTCCATAAACAAAAAATA","CGGTAAATCGCAGTCATTAT","CTYZ_00003845",0.87,0.78,0.09,TRUE
"40",6,"TTCATCTCTTCCATAAACAAAAAATA","CGGTAAATCGCAGTCATTATTG","CTYZ_00003845",0.87,0.93,0.06,TRUE
"41",7,"TTCATCTCTTCCATAAACAAAAAATA","CAGTCATTATTGCAACTACATTC","CTYZ_00003845",0.87,0.78,0.09,TRUE
"42",8,"TTCATCTCTTCCATAAACAAAAAATA","TGACGGTAAATCGCAGTC","CTYZ_00003845",0.87,0.86,0.01,TRUE
"43",10,"TTCATCTCTTCCATAAACAAAAAATA","ACGGTAAATCGCAGTCATTA","CTYZ_00003845",0.87,0.93,0.06,TRUE
"44",3,"GCGTCTTCAGAAAAAACAAACA","GAAACTTGCTTAACCTGAGAAA","CTYZ_00003396",0.95,0.87,0.08,TRUE
"45",4,"GCGTCTTCAGAAAAAACAAACA","ACTTGCTTAACCTGAGAAAGA","CTYZ_00003396",0.95,0.87,0.08,TRUE
"46",5,"GCGTCTTCAGAAAAAACAAACA","GATGAAACTTGCTTAACCTGA","CTYZ_00003396",0.95,0.86,0.09,TRUE
"47",9,"GCGTCTTCAGAAAAAACAAACA","AGACTTTGATGAAACTTGCTTA","CTYZ_00003396",0.95,0.87,0.08,TRUE
"48",1,"CGATTTCATGTTAAGTAATGGAGT","CCAATAATTGTTCTAATTTCTCGTT","CTYZ_00002887",0.88,0.86,0.02,TRUE
"49",3,"CGATTTCATGTTAAGTAATGGAGT","TCCATTCTCAAAATACAACTAAAAAT","CTYZ_00002887",0.88,0.81,0.07,TRUE
"50",4,"CGATTTCATGTTAAGTAATGGAGT","GCCAATAATTGTTCTAATTTCTCGT","CTYZ_00002887",0.88,0.95,0.07,TRUE
"51",5,"CGATTTCATGTTAAGTAATGGAGT","ACAACTAAAAATTTCCGCCAA","CTYZ_00002887",0.88,0.84,0.04,TRUE
"52",7,"CGATTTCATGTTAAGTAATGGAGT","GCCAATAATTGTTCTAATTTCTCG","CTYZ_00002887",0.88,0.83,0.05,TRUE
"53",8,"CGATTTCATGTTAAGTAATGGAGT","CAACTAAAAATTTCCGCCAATAA","CTYZ_00002887",0.88,0.84,0.04,TRUE
"54",9,"CGATTTCATGTTAAGTAATGGAGT","CGCCAATAATTGTTCTAATTTCTC","CTYZ_00002887",0.88,0.87,0.01,TRUE
"55",10,"CGATTTCATGTTAAGTAATGGAGT","TCCGCCAATAATTGTTCTAATT","CTYZ_00002887",0.88,0.89,0.01,TRUE
"56",4,"AGAGTTGGTTTAACAGAAAAATATG","TCCTAACTTTTCAACCGAGT","CTYZ_00001733",0.73,0.82,0.09,TRUE
"57",10,"AGAGTTGGTTTAACAGAAAAATATG","CTTTTCAACCGAGTCCAAAT","CTYZ_00001733",0.73,0.74,0.01,TRUE
"58",3,"CTCAATTTGATGGAATTGGGT","CCTAGAAATTGCAGTAACACA","CTYZ_00002883",0.75,0.71,0.04,TRUE
"59",5,"CTCAATTTGATGGAATTGGGT","TCCTAATTTGTCTGTATTTTTCCT","CTYZ_00002883",0.75,0.83,0.08,TRUE
"60",7,"CTCAATTTGATGGAATTGGGT","CTCTCCTAATTTGTCTGTATTTTTC","CTYZ_00002883",0.75,0.81,0.06,TRUE
"61",9,"CTCAATTTGATGGAATTGGGT","CTCCTAATTTGTCTGTATTTTTCC","CTYZ_00002883",0.75,0.72,0.03,TRUE
"62",10,"CTCAATTTGATGGAATTGGGT","CCACCTCTCCTAATTTGTCT","CTYZ_00002883",0.75,0.76,0.01,TRUE
"63",3,"TTGTTTCTTATCTGCTATAAAAATGT","ACAAATTCAACAGTCAAACTTTT","CTYZ_00002882",0.72,0.8,0.08,TRUE
"64",9,"TTGTTTCTTATCTGCTATAAAAATGT","ATTCAACAGTCAAACTTTTAATCTT","CTYZ_00002882",0.72,0.81,0.09,TRUE
"65",3,"GAAGTTTTATACAGGGAGACTTTT","GGCTCAGAAGCTTCAACG","CTYZ_00000142",0.92,0.87,0.05,TRUE
"66",5,"GAAGTTTTATACAGGGAGACTTTT","ACGGGAATATTGTCAGATCTTAT","CTYZ_00000142",0.92,0.92,0,TRUE
"67",6,"GAAGTTTTATACAGGGAGACTTTT","GCTTCAACGGGAATATTGTCA","CTYZ_00000142",0.92,0.95,0.03,TRUE
"68",7,"GAAGTTTTATACAGGGAGACTTTT","GGAATATTGTCAGATCTTATATCAGC","CTYZ_00000142",0.92,0.92,0,TRUE
"69",9,"GAAGTTTTATACAGGGAGACTTTT","GCAGGTGAGGATACTAAAGTTT","CTYZ_00000142",0.92,0.88,0.04,TRUE
"70",3,"ATGAAGAAACTGGAGAAAAAAAC","GTTGATATAAGGCAGAATGATTTT","CTYZ_00000750",0.7,0.76,0.06,TRUE
"71",1,"CAAGAACATTTGAGACCTTCTC","CGTCATATTTTGCTTCTGCTAC","CTYZ_00003986",0.86,0.88,0.02,TRUE
"72",2,"CAAGAACATTTGAGACCTTCTC","TCTGCTACATATCCGAGCT","CTYZ_00003986",0.86,0.88,0.02,TRUE
"73",3,"CAAGAACATTTGAGACCTTCTC","GCTACATATCCGAGCTGC","CTYZ_00003986",0.86,0.85,0.01,TRUE
"74",4,"CAAGAACATTTGAGACCTTCTC","TCCAGAGACATGATCAACAATA","CTYZ_00003986",0.86,0.94,0.08,TRUE
"75",6,"CAAGAACATTTGAGACCTTCTC","GCTTCTGCTACATATCCGAG","CTYZ_00003986",0.86,0.87,0.01,TRUE
"76",7,"CAAGAACATTTGAGACCTTCTC","TGTGGCTATAGGAAGCAATA","CTYZ_00003986",0.86,0.81,0.05,TRUE
"77",9,"CAAGAACATTTGAGACCTTCTC","ACATTGTGGCTATAGGAAGC","CTYZ_00003986",0.86,0.86,0,TRUE
"78",1,"GAAGCTTCAGGGAAAAAACA","CTTGAACTACTTTTTTGCACTTT","CTYZ_00000013",0.82,0.87,0.05,TRUE
"79",5,"GAAGCTTCAGGGAAAAAACA","GATTTGCTTCCATCATTAACTATATT","CTYZ_00000013",0.82,0.91,0.09,TRUE
"80",6,"GAAGCTTCAGGGAAAAAACA","TCCTATACATACAAGCCTAGATT","CTYZ_00000013",0.82,0.89,0.07,TRUE
"81",7,"GAAGCTTCAGGGAAAAAACA","CCTAGATTTGCTTCCATCATT","CTYZ_00000013",0.82,0.79,0.03,TRUE
"82",10,"GAAGCTTCAGGGAAAAAACA","AGATTTGCTTCCATCATTAACTAT","CTYZ_00000013",0.82,0.85,0.03,TRUE
"83",3,"CGAAGTTGGAAAAATTCAAAAAATT","GATTACTGTTTCAACTTGAAATGG","CTYZ_00000983",0.87,0.86,0.01,TRUE
"84",5,"CATGCGAAGTTGGAAAAATTC","AAATGGAAACAAGTTAACTGAATAAT","CTYZ_00000983",0.84,0.82,0.02,TRUE
"85",8,"CATGCGAAGTTGGAAAAATTC","GATTACTGTTTCAACTTGAAATGG","CTYZ_00000983",0.84,0.86,0.02,TRUE
"86",9,"CATGCGAAGTTGGAAAAATTC","GAAATGGAAACAAGTTAACTGAATA","CTYZ_00000983",0.84,0.88,0.04,TRUE
"87",10,"CATGCGAAGTTGGAAAAATTC","TGAAATGGAAACAAGTTAACTGA","CTYZ_00000983",0.84,0.81,0.03,TRUE
"88",1,"TCTATTCAGGCTATTGAAAAACTT","TTCTCCGAGTCCTTTTGATT","CTYZ_00001648",0.91,0.83,0.08,TRUE
"89",3,"TCTATTCAGGCTATTGAAAAACTT","CCGAGTCCTTTTGATTGGAT","CTYZ_00001648",0.91,0.88,0.03,TRUE
"90",4,"TCTATTCAGGCTATTGAAAAACTT","TCTCCGAGTCCTTTTGATTG","CTYZ_00001648",0.91,0.87,0.04,TRUE
"91",5,"TCTATTCAGGCTATTGAAAAACTT","TCCGAGTCCTTTTGATTGG","CTYZ_00001648",0.91,0.88,0.03,TRUE
"92",6,"TCTATTCAGGCTATTGAAAAACTT","CGAGTCCTTTTGATTGGATAAAG","CTYZ_00001648",0.91,0.9,0.01,TRUE
"93",7,"TCTATTCAGGCTATTGAAAAACTT","CCGAGTCCTTTTGATTGGATA","CTYZ_00001648",0.91,0.95,0.04,TRUE
"94",8,"TCTATTCAGGCTATTGAAAAACTT","CCGAGTCCTTTTGATTGGA","CTYZ_00001648",0.91,0.87,0.04,TRUE
"95",9,"TCTATTCAGGCTATTGAAAAACTT","GAGTCCTTTTGATTGGATAAAGA","CTYZ_00001648",0.91,0.87,0.04,TRUE
"96",1,"CCTATGGCATTGGTAAAAGAAG","TGGAATAATTTGAAGAATTTCCTTT","CTYZ_00002204",0.87,0.79,0.08,TRUE
"97",2,"CCTATGGCATTGGTAAAAGAAG","TTTGAAGAATTTCCTTTGTTTCTT","CTYZ_00002204",0.87,0.8,0.07,TRUE
"98",3,"CCTATGGCATTGGTAAAAGAAG","GATGGAATAATTTGAAGAATTTCCTT","CTYZ_00002204",0.87,0.92,0.05,TRUE
"99",4,"CCTATGGCATTGGTAAAAGAAG","ACTTTGATGGAATAATTTGAAGAATT","CTYZ_00002204",0.87,0.87,0,TRUE
"100",5,"CCTATGGCATTGGTAAAAGAAG","GGAATAATTTGAAGAATTTCCTTTGT","CTYZ_00002204",0.87,0.86,0.01,TRUE
"101",6,"CCTATGGCATTGGTAAAAGAAG","AATTTGAAGAATTTCCTTTGTTTCT","CTYZ_00002204",0.87,0.87,0,TRUE
"102",8,"CCTATGGCATTGGTAAAAGAAG","CTTCTTTAAGTGCTTTGATAATCAAT","CTYZ_00002204",0.87,0.83,0.04,TRUE
"103",9,"CCTATGGCATTGGTAAAAGAAG","TGGAATAATTTGAAGAATTTCCTTTG","CTYZ_00002204",0.87,0.86,0.01,TRUE
"104",4,"YRTCATCATCATCATCATCATCAT","CATCATCGCATATTTCATCATC","CTYZ_00003166",0.66,0.74,0.08,TRUE
"105",3,"TCCGAAATAACTTTTAGAAATTCTC","CTGCTTATAATATCATCATCCTTCT","CTYZ_00003005",0.8,0.8,0,TRUE
"106",4,"TCCGAAATAACTTTTAGAAATTCTC","ACTTCTTAAAATTAATGACGTCCT","CTYZ_00003005",0.8,0.81,0.01,TRUE
"107",5,"TCCGAAATAACTTTTAGAAATTCTC","CACTGCTTATAATATCATCATCCT","CTYZ_00003005",0.8,0.76,0.04,TRUE
"108",6,"TCCGAAATAACTTTTAGAAATTCTC","CGTCCTTCCACTGCTTAT","CTYZ_00003005",0.8,0.83,0.03,TRUE
"109",8,"TCCGAAATAACTTTTAGAAATTCTC","CCTTCCACTGCTTATAATATCAT","CTYZ_00003005",0.8,0.71,0.09,TRUE
"110",1,"GTTTATCTCCCGAAGAATTTCTT","CCTAGAAAGAATGCATTTAAACAG","CTYZ_00002890",0.87,0.79,0.08,TRUE
"111",3,"GTTTATCTCCCGAAGAATTTCTT","AGAGGTTTTGGAATACTTTTTAACT","CTYZ_00002890",0.87,0.86,0.01,TRUE
"112",4,"GTTTATCTCCCGAAGAATTTCTT","CCAGAGGTTTTGGAATACTTTT","CTYZ_00002890",0.87,0.87,0,TRUE
"113",5,"GTTTATCTCCCGAAGAATTTCTT","CTCAGTTCTAGTAAATAAAGGACG","CTYZ_00002890",0.87,0.84,0.03,TRUE
"114",9,"GTTTATCTCCCGAAGAATTTCTT","ACCAGAGGTTTTGGAATACTT","CTYZ_00002890",0.87,0.85,0.02,TRUE
"115",10,"GTTTATCTCCCGAAGAATTTCTT","TCAGTAAAGACTCAGTTCTAGTAAA","CTYZ_00002890",0.87,0.87,0,TRUE
"116",1,"TCAGAAAGTTTATTGACAAACAATT","TCACCTTGTCAATACACTCC","CTYZ_00001007",0.83,0.86,0.03,TRUE
"117",1,"TTCAGCTTCTTCCAAAAATGA","GTAGTTTTGGTCTCTTTAGTAGTT","CTYZ_00002278",0.78,0.84,0.06,TRUE
"118",2,"TTCAGCTTCTTCCAAAAATGA","GTTTTGGTCTCTTTAGTAGTTGT","CTYZ_00002278",0.78,0.76,0.02,TRUE
"119",3,"TTCAGCTTCTTCCAAAAATGA","GGTCTCTTTAGTAGTTGTGGT","CTYZ_00002278",0.78,0.78,0,TRUE
"120",4,"TTCAGCTTCTTCCAAAAATGA","GTTGTGGTAGTAGTATCACGT","CTYZ_00002278",0.78,0.83,0.05,TRUE
"121",5,"TTCAGCTTCTTCCAAAAATGA","GTCTCTTTAGTAGTTGTGGTAGT","CTYZ_00002278",0.78,0.84,0.06,TRUE
"122",6,"TTCAGCTTCTTCCAAAAATGA","AGTAGTTTTGGTCTCTTTAGTAGT","CTYZ_00002278",0.78,0.82,0.04,TRUE
"123",7,"TTCAGCTTCTTCCAAAAATGA","TCTTTAGTAGTTGTGGTAGTAGT","CTYZ_00002278",0.78,0.76,0.02,TRUE
"124",9,"TTCAGCTTCTTCCAAAAATGA","AGTTTTGGTCTCTTTAGTAGTTG","CTYZ_00002278",0.78,0.73,0.05,TRUE
"125",10,"TTCAGCTTCTTCCAAAAATGA","TTTTGGTCTCTTTAGTAGTTGTG","CTYZ_00002278",0.78,0.77,0.01,TRUE
"126",2,"CTTAAAGAGCTTTGCCATGATA","TTCAATATCCATTAGCCTTAAAGTA","CTYZ_00003071",0.91,0.88,0.03,TRUE
"127",4,"CTTAAAGAGCTTTGCCATGATA","GGATTGAGATATGTTCTTGTTCAA","CTYZ_00003071",0.91,0.82,0.09,TRUE
"128",5,"CTTAAAGAGCTTTGCCATGATA","TCCTCTTCTGGGATTGAGA","CTYZ_00003071",0.91,0.85,0.06,TRUE
"129",8,"CTTAAAGAGCTTTGCCATGATA","TCCACTATTATCTTCAAAACACATA","CTYZ_00003071",0.91,0.93,0.02,TRUE
"130",9,"CTTAAAGAGCTTTGCCATGATA","TTTGACGAGAGAATTCCACTA","CTYZ_00003071",0.91,0.9,0.01,TRUE
"131",10,"CTTAAAGAGCTTTGCCATGATA","CAATATCCATTAGCCTTAAAGTACA","CTYZ_00003071",0.91,0.86,0.05,TRUE
"132",2,"GACTCATTAATACTCGTCAATTCT","ACTTTTGTAAACCAAACCAACTA","CTYZ_00001679",0.85,0.91,0.06,TRUE
"133",3,"GACTCATTAATACTCGTCAATTCT","CTTTGACTTTGAGATAACTTTTGTAA","CTYZ_00001679",0.85,0.83,0.02,TRUE
"134",4,"GACTCATTAATACTCGTCAATTCT","TGTAAACCAAACCAACTAAAATTAAG","CTYZ_00001679",0.85,0.87,0.02,TRUE
"135",6,"GACTCATTAATACTCGTCAATTCT","AGATAACTTTTGTAAACCAAACCA","CTYZ_00001679",0.85,0.82,0.03,TRUE
"136",8,"GACTCATTAATACTCGTCAATTCT","ACTTTTGTAAACCAAACCAACT","CTYZ_00001679",0.85,0.79,0.06,TRUE
"137",3,"GGAARTGRTATGGGAAGACTCA","TGCTCCTRAACCTAACTCT","CTYZ_00002137",0.35,0.35,0,TRUE
"138",5,"GGAARTGRTATGGGAAGACTCA","CWCACTCCTCCTCTGCT","CTYZ_00002137",0.35,0.29,0.06,TRUE
"139",1,"AGAGAAGATCATGAAGAAAATGTC","AACAACAACAGTACCGTTTT","CTYZ_00002872",0.88,0.86,0.02,TRUE
"140",2,"AGAGAAGATCATGAAGAAAATGTC","CAACAACAACAGTACCGTTT","CTYZ_00002872",0.88,0.85,0.03,TRUE
"141",4,"AGAGAAGATCATGAAGAAAATGTC","CGAGGTACTCAGCCAGTT","CTYZ_00002872",0.88,0.88,0,TRUE
"142",5,"AGAGAAGATCATGAAGAAAATGTC","CCTGATGATTGATCCTTGGATT","CTYZ_00002872",0.88,0.93,0.05,TRUE
"143",7,"AGAGAAGATCATGAAGAAAATGTC","GCAACAACAACAGTACCGT","CTYZ_00002872",0.88,0.91,0.03,TRUE
"144",2,"TTGCTGAGAGAACTTTGGTA","CTACGAAACTCTGATATTACGTT","CTYZ_00003311",0.88,0.81,0.07,TRUE
"145",3,"TTGCTGAGAGAACTTTGGTA","CTCTGATATTACGTTCAAACCTT","CTYZ_00003311",0.88,0.88,0,TRUE
"146",6,"TTGCTGAGAGAACTTTGGTA","AGATTTCTCTCAGTTTGCATTC","CTYZ_00003311",0.88,0.79,0.09,TRUE
"147",7,"TTGCTGAGAGAACTTTGGTA","GAAACTCTGATATTACGTTCAAAC","CTYZ_00003311",0.88,0.82,0.06,TRUE
"148",1,"CTGTAACTACAATAAATGAACAAGTA","CTTTTGCCTCTACTAGATGTTT","CTYZ_00003477",0.81,0.77,0.04,TRUE
"149",2,"CTGTAACTACAATAAATGAACAAGTA","CTGGATTTGATTCTTTTTCACTTT","CTYZ_00003477",0.81,0.88,0.07,TRUE
"150",3,"CTGTAACTACAATAAATGAACAAGTA","ATGTTTCTGAATTATTTACTGGATTT","CTYZ_00003477",0.81,0.83,0.02,TRUE
"151",7,"CTGTAACTACAATAAATGAACAAGTA","CCTTTTGCCTCTACTAGATGT","CTYZ_00003477",0.81,0.81,0,TRUE
"152",8,"CTGTAACTACAATAAATGAACAAGTA","TGATTCTTTTTCACTTTCATCGT","CTYZ_00003477",0.81,0.86,0.05,TRUE
"153",9,"CTGTAACTACAATAAATGAACAAGTA","CTGAATTATTTACTGGATTTGATTCT","CTYZ_00003477",0.81,0.75,0.06,TRUE
"154",10,"CTGTAACTACAATAAATGAACAAGTA","TCTTTTTTATACCTTTTGCCTCT","CTYZ_00003477",0.81,0.83,0.02,TRUE
"155",5,"TGAGAATAATTCATCTGGGAAATATT","AGAAGCACTAAGAGTTGAATGA","CTYZ_00002889",0.91,0.88,0.03,TRUE
"156",7,"TGAGAATAATTCATCTGGGAAATATT","AAGTTGCTGTAATATTCTTGGTA","CTYZ_00002889",0.91,0.92,0.01,TRUE
"157",8,"TGAGAATAATTCATCTGGGAAATATT","TGCTGTAATATTCTTGGTAGAATTT","CTYZ_00002889",0.91,0.83,0.08,TRUE
"158",1,"TGCAAGAGGAACGCCTA","TTTATCCCCACAAATTAATTCTTTT","CTYZ_00003998",0.87,0.81,0.06,TRUE
"159",2,"TGCAAGAGGAACGCCTA","CTTTATCCCCACAAATTAATTCTTT","CTYZ_00003998",0.87,0.86,0.01,TRUE
"160",3,"TGCAAGAGGAACGCCTA","TCTTTATCCCCACAAATTAATTCTT","CTYZ_00003998",0.87,0.94,0.07,TRUE
"161",4,"TGCAAGAGGAACGCCTA","ATTCTTTTGCCTCATTAACCTT","CTYZ_00003998",0.87,0.87,0,TRUE
"162",5,"TGCAAGAGGAACGCCTA","TCTTTATCCCCACAAATTAATTCT","CTYZ_00003998",0.87,0.83,0.04,TRUE
"163",7,"TGCAAGAGGAACGCCTA","AATTCTTTTGCCTCATTAACCT","CTYZ_00003998",0.87,0.87,0,TRUE
"164",9,"TGCAAGAGGAACGCCTA","TCTTTTGCCTCATTAACCTTG","CTYZ_00003998",0.87,0.85,0.02,TRUE
"165",1,"CCAAGGAGTATATTCAATGGTT","GAAACTATCATTCTCTGATTCAAAAA","CTYZ_00001742",0.8,0.74,0.06,TRUE
"166",2,"CCAAGGAGTATATTCAATGGTT","TCTCTGATTCAAAAAATTGGTTTG","CTYZ_00001742",0.8,0.84,0.04,TRUE
"167",8,"CCAAGGAGTATATTCAATGGTT","TCTGCGAAATGAAACTATCATT","CTYZ_00001742",0.8,0.79,0.01,TRUE
"168",1,"TCAATTCAGCTCAAAAACTGA","CATCATTTAAAACTTCAAAAAGAGTT","CTYZ_00003501",0.81,0.78,0.03,TRUE
"169",2,"TCAATTCAGCTCAAAAACTGA","TCATCATTTAAAACTTCAAAAAGAGT","CTYZ_00003501",0.81,0.83,0.02,TRUE
"170",3,"TCAATTCAGCTCAAAAACTGA","GTATTCCAGTAGCCTTAAATAAGT","CTYZ_00003501",0.81,0.74,0.07,TRUE
"171",4,"TCAATTCAGCTCAAAAACTGA","GTTTTATTTGTTCGATTTGACCT","CTYZ_00003501",0.81,0.73,0.08,TRUE
"172",5,"TCAATTCAGCTCAAAAACTGA","CATGTATTCCAGTAGCCTTAAAT","CTYZ_00003501",0.81,0.76,0.05,TRUE
"173",6,"TCAATTCAGCTCAAAAACTGA","AAAAAGAGTTTTATTTGTTCGATTTG","CTYZ_00003501",0.81,0.86,0.05,TRUE
"174",7,"TCAATTCAGCTCAAAAACTGA","GTCATCATTTAAAACTTCAAAAAGAG","CTYZ_00003501",0.81,0.73,0.08,TRUE
"175",8,"TCAATTCAGCTCAAAAACTGA","TGTATTCCAGTAGCCTTAAATAAG","CTYZ_00003501",0.81,0.74,0.07,TRUE
"176",9,"TCAATTCAGCTCAAAAACTGA","AAGTCATCATTTAAAACTTCAAAAAG","CTYZ_00003501",0.81,0.81,0,TRUE
"177",10,"TCAATTCAGCTCAAAAACTGA","TTTTATTTGTTCGATTTGACCTC","CTYZ_00003501",0.81,0.75,0.06,TRUE
"178",1,"TGCTCTTGAAGAATTTGGATT","GTAGTAATAATTACACTTAATGCAGG","CTYZ_00001848",0.79,0.74,0.05,TRUE
"179",2,"TGCTCTTGAAGAATTTGGATT","CATATAAACCCATTAACTTTGCTG","CTYZ_00001848",0.79,0.81,0.02,TRUE
"180",3,"TGCTCTTGAAGAATTTGGATT","GACCAGAATGCATTCACTG","CTYZ_00001848",0.79,0.79,0,TRUE
"181",4,"TGCTCTTGAAGAATTTGGATT","CTGAATCTTTTCTTCATATCCGA","CTYZ_00001848",0.79,0.78,0.01,TRUE
"182",6,"TGCTCTTGAAGAATTTGGATT","GCAGGATATTTCTCTTTGACC","CTYZ_00001848",0.79,0.76,0.03,TRUE
"183",7,"TGCTCTTGAAGAATTTGGATT","AGTAATAATTACACTTAATGCAGGA","CTYZ_00001848",0.79,0.83,0.04,TRUE
"184",8,"TGCTCTTGAAGAATTTGGATT","AGGATATTTCTCTTTGACCAGA","CTYZ_00001848",0.79,0.82,0.03,TRUE
"185",9,"TGCTCTTGAAGAATTTGGATT","TCTCTTTGACCAGAATGCAT","CTYZ_00001848",0.79,0.86,0.07,TRUE
"186",1,"AGAAGCAAGCTAAATCATAATGT","AGGGATTTTCAACCGCAT","CTYZ_00003003",0.75,0.81,0.06,TRUE
"187",3,"AGAAGCAAGCTAAATCATAATGT","GGGATTTTCAACCGCATC","CTYZ_00003003",0.75,0.83,0.08,TRUE
"188",5,"AGAAGCAAGCTAAATCATAATGT","TGATTTTTATGAGAGGGATTTTCA","CTYZ_00003003",0.75,0.79,0.04,TRUE
"189",6,"AGAAGCAAGCTAAATCATAATGT","GGCTTTAATTGAATCATTTGAAAAA","CTYZ_00003003",0.75,0.72,0.03,TRUE
"190",7,"AGAAGCAAGCTAAATCATAATGT","ATGATATATGATTTTTATGAGAGGGA","CTYZ_00003003",0.75,0.8,0.05,TRUE
"191",10,"AGAAGCAAGCTAAATCATAATGT","TTTTCAACCGCATCTTCG","CTYZ_00003003",0.75,0.7,0.05,TRUE
"192",2,"AGAAATTATTATCAAGGGAAATCTCA","AGGGATAAGCAATGCTGTT","CTYZ_00002912",0.8,0.81,0.01,TRUE
"193",4,"AGAAATTATTATCAAGGGAAATCTCA","TTGATTAAAAGAGTCAAGATAGCT","CTYZ_00002912",0.8,0.72,0.08,TRUE
"194",6,"AGAAATTATTATCAAGGGAAATCTCA","GTCAAGATAGCTGGCCAT","CTYZ_00002912",0.8,0.74,0.06,TRUE
"195",7,"AGAAATTATTATCAAGGGAAATCTCA","GGGATAAGCAATGCTGTTTG","CTYZ_00002912",0.8,0.8,0,TRUE
"196",9,"AGAAATTATTATCAAGGGAAATCTCA","TGATTAAAAGAGTCAAGATAGCTG","CTYZ_00002912",0.8,0.81,0.01,TRUE
"197",10,"AGAAATTATTATCAAGGGAAATCTCA","ATTAAAAGAGTCAAGATAGCTGG","CTYZ_00002912",0.8,0.74,0.06,TRUE
"198",2,"TGATCAAATTTTGAGTTTAAATACCC","ACAAGAAGATTTTACCTCTGATTT","CTYZ_00002283",0.82,0.87,0.05,TRUE
"199",4,"TGATCAAATTTTGAGTTTAAATACCC","CATCGCCCTCTTGTGTT","CTYZ_00002283",0.82,0.88,0.06,TRUE
"200",6,"TGATCAAATTTTGAGTTTAAATACCC","GCCCTCTTGTGTTCTAGTT","CTYZ_00002283",0.82,0.88,0.06,TRUE
"201",8,"TGATCAAATTTTGAGTTTAAATACCC","ACCTCTGATTTCTCACAATCTT","CTYZ_00002283",0.82,0.89,0.07,TRUE
"202",10,"TGATCAAATTTTGAGTTTAAATACCC","GCTACTAGAACAACAAGAAGATT","CTYZ_00002283",0.82,0.87,0.05,TRUE
"203",1,"CTCTAGTAGCAAATCCAAAAGTAA","CACAACCAAGACCTATTTCTTT","CTYZ_00000584",0.86,0.87,0.01,TRUE
"204",2,"CTCTAGTAGCAAATCCAAAAGTAA","ATTTACACAACCAAGACCTATTT","CTYZ_00000584",0.86,0.85,0.01,TRUE
"205",3,"CTCTAGTAGCAAATCCAAAAGTAA","TTCTCTGGCAGCTCATTT","CTYZ_00000584",0.86,0.82,0.04,TRUE
"206",4,"CTCTAGTAGCAAATCCAAAAGTAA","CACAACCAAGACCTATTTCTT","CTYZ_00000584",0.86,0.8,0.06,TRUE
"207",5,"CTCTAGTAGCAAATCCAAAAGTAA","ATATTTACACAACCAAGACCTATT","CTYZ_00000584",0.86,0.89,0.03,TRUE
"208",6,"CTCTAGTAGCAAATCCAAAAGTAA","ATTCTCTGGCAGCTCATT","CTYZ_00000584",0.86,0.8,0.06,TRUE
"209",7,"CTCTAGTAGCAAATCCAAAAGTAA","ACACAACCAAGACCTATTTCT","CTYZ_00000584",0.86,0.83,0.03,TRUE
"210",8,"CTCTAGTAGCAAATCCAAAAGTAA","CATCATTCTCTGGCAGCT","CTYZ_00000584",0.86,0.77,0.09,TRUE
"211",9,"CTCTAGTAGCAAATCCAAAAGTAA","CAATATTTACACAACCAAGACCT","CTYZ_00000584",0.86,0.84,0.02,TRUE
"212",10,"CTCTAGTAGCAAATCCAAAAGTAA","AATATTTACACAACCAAGACCTAT","CTYZ_00000584",0.86,0.89,0.03,TRUE
"213",1,"GGGCCAATTAAGATTCATACAAAT","TCTTGTTTAATGCCATCGATTA","CTYZ_00002007",0.93,0.91,0.02,TRUE
"214",3,"GGGCCAATTAAGATTCATACAAAT","TCTGTCTAAGTAGGTCTTGTTC","CTYZ_00002007",0.93,0.86,0.07,TRUE
"215",4,"GGGCCAATTAAGATTCATACAAAT","GTTCTTGTTTAATGCCATCGA","CTYZ_00002007",0.93,0.89,0.04,TRUE
"216",5,"GGGCCAATTAAGATTCATACAAAT","TCTAAGTAGGTCTTGTTCTTGTT","CTYZ_00002007",0.93,0.92,0.01,TRUE
"217",8,"GGGCCAATTAAGATTCATACAAAT","TGTTCTTGTTTAATGCCATCG","CTYZ_00002007",0.93,0.87,0.06,TRUE
"218",9,"GGGCCAATTAAGATTCATACAAAT","CTAAGTAGGTCTTGTTCTTGTTTA","CTYZ_00002007",0.93,0.85,0.08,TRUE
"219",10,"GGGCCAATTAAGATTCATACAAAT","TCTTGTTTAATGCCATCGATTAT","CTYZ_00002007",0.93,0.91,0.02,TRUE
"220",1,"GGGTTTATCAAAGTTGTTTTCAAT","TGGTTTACAACTATATGAGAGCA","CTYZ_00001018",0.79,0.84,0.05,TRUE
"221",2,"GGGTTTATCAAAGTTGTTTTCAAT","TCTTTTAGAACTGACTCTCCTT","CTYZ_00001018",0.79,0.88,0.09,TRUE
"222",3,"GGGTTTATCAAAGTTGTTTTCAAT","ACGAGTCTTTTAGAACTGACT","CTYZ_00001018",0.79,0.7,0.09,TRUE
"223",4,"GGGTTTATCAAAGTTGTTTTCAAT","GCTCTGACGAGTCTTTTAGAA","CTYZ_00001018",0.79,0.85,0.06,TRUE
"224",5,"GGGTTTATCAAAGTTGTTTTCAAT","CTTTTAGAACTGACTCTCCTTG","CTYZ_00001018",0.79,0.73,0.06,TRUE
"225",6,"GGGTTTATCAAAGTTGTTTTCAAT","AGTCTTTTAGAACTGACTCTCC","CTYZ_00001018",0.79,0.79,0,TRUE
"226",7,"GGGTTTATCAAAGTTGTTTTCAAT","CTGACGAGTCTTTTAGAACTG","CTYZ_00001018",0.79,0.7,0.09,TRUE
"227",8,"GGGTTTATCAAAGTTGTTTTCAAT","TGACGAGTCTTTTAGAACTGA","CTYZ_00001018",0.79,0.81,0.02,TRUE
"228",9,"GGGTTTATCAAAGTTGTTTTCAAT","GGGAACATTACTTGGTTTACAA","CTYZ_00001018",0.79,0.79,0,TRUE
"229",10,"GGGTTTATCAAAGTTGTTTTCAAT","AGAACTGACTCTCCTTGATC","CTYZ_00001018",0.79,0.76,0.03,TRUE
"230",1,"CAGTAGGATCTACATCAGGATC","CCGTTCTTCTCGAATTCAGA","CTYZ_00000537",0.85,0.9,0.05,TRUE
"231",2,"CAGTAGGATCTACATCAGGATC","CTTAACTGCCTTCCATTTTTTATAG","CTYZ_00000537",0.85,0.82,0.03,TRUE
"232",3,"CAGTAGGATCTACATCAGGATC","ACAATGGCAAATATTTGATCAGA","CTYZ_00000537",0.85,0.86,0.01,TRUE
"233",5,"CAGTAGGATCTACATCAGGATC","GCATATTTTGGCTTGAGTACTAA","CTYZ_00000537",0.85,0.9,0.05,TRUE
"234",6,"CAGTAGGATCTACATCAGGATC","TTATAGCATATTTTGGCTTGAGTA","CTYZ_00000537",0.85,0.88,0.03,TRUE
"235",7,"CAGTAGGATCTACATCAGGATC","CCGTTCTTCTCGAATTCAGAA","CTYZ_00000537",0.85,0.92,0.07,TRUE
"236",8,"CAGTAGGATCTACATCAGGATC","ACTGCCTTCCATTTTTTATAGC","CTYZ_00000537",0.85,0.86,0.01,TRUE
"237",9,"CAGTAGGATCTACATCAGGATC","AACAATGGCAAATATTTGATCAG","CTYZ_00000537",0.85,0.82,0.03,TRUE
"238",1,"CTTTCATTGCCTTCAGACATAA","GGCTTTCCTGTGCTAAACTT","CTYZ_00001185",0.87,0.96,0.09,TRUE
"239",2,"CTTTCATTGCCTTCAGACATAA","ACTTCTTATTTTCGTTCTTAATACCT","CTYZ_00001185",0.87,0.87,0,TRUE
"240",4,"CTTTCATTGCCTTCAGACATAA","GTGCTAAACTTCTTATTTTCGTT","CTYZ_00001185",0.87,0.81,0.06,TRUE
"241",6,"CTTTCATTGCCTTCAGACATAA","GCTAAACTTCTTATTTTCGTTCTTAA","CTYZ_00001185",0.87,0.88,0.01,TRUE
"242",9,"CTTTCATTGCCTTCAGACATAA","TCCTGTGCTAAACTTCTTATTTT","CTYZ_00001185",0.87,0.89,0.02,TRUE
"243",10,"CTTTCATTGCCTTCAGACATAA","GCTTTCCTGTGCTAAACTTCT","CTYZ_00001185",0.87,0.94,0.07,TRUE
"244",1,"GGAAGATTCACAATTCCAAAAAATA","TCCTTTCTCTTTTTCTGGTTTT","CTYZ_00001155",0.92,0.88,0.04,TRUE
"245",2,"GGAAGATTCACAATTCCAAAAAATA","CCACTTCTTTTGCTTCAATTTT","CTYZ_00001155",0.92,0.86,0.06,TRUE
"246",3,"GGAAGATTCACAATTCCAAAAAATA","TTCCTTTCTCTTTTTCTGGTTT","CTYZ_00001155",0.92,0.83,0.09,TRUE
"247",4,"GGAAGATTCACAATTCCAAAAAATA","TGCTTCAATTTTGTCATCCTTT","CTYZ_00001155",0.92,0.91,0.01,TRUE
"248",5,"GGAAGATTCACAATTCCAAAAAATA","GCCACTTCTTTTGCTTCAATTT","CTYZ_00001155",0.92,0.98,0.06,TRUE
"249",6,"GGAAGATTCACAATTCCAAAAAATA","TTTCCTTTCTCTTTTTCTGGTT","CTYZ_00001155",0.92,0.83,0.09,TRUE
"250",7,"GGAAGATTCACAATTCCAAAAAATA","TTCTGGTTTTCATCAATTCTCTT","CTYZ_00001155",0.92,0.87,0.05,TRUE
"251",8,"GGAAGATTCACAATTCCAAAAAATA","GTCATCCTTTGCCAAAATCTT","CTYZ_00001155",0.92,0.91,0.01,TRUE
"252",10,"GGAAGATTCACAATTCCAAAAAATA","TGCTTCAATTTTGTCATCCTT","CTYZ_00001155",0.92,0.84,0.08,TRUE
"253",1,"CCCAAAGTATAGATTTGTTCACG","GCCTTTTGTTCACTTATAATCTTTTC","CTYZ_00003645",0.91,0.95,0.04,TRUE
"254",4,"CCCAAAGTATAGATTTGTTCACG","ACTAATGATCTGATTTCTGCCT","CTYZ_00003645",0.91,0.86,0.05,TRUE
"255",5,"CCCAAAGTATAGATTTGTTCACG","AATGATCTGATTTCTGCCTTTT","CTYZ_00003645",0.91,0.93,0.02,TRUE
"256",7,"CCCAAAGTATAGATTTGTTCACG","TTTCTGCCTTTTGTTCACTTATA","CTYZ_00003645",0.91,0.91,0,TRUE
"257",8,"CCCAAAGTATAGATTTGTTCACG","CTAATGATCTGATTTCTGCCTT","CTYZ_00003645",0.91,0.84,0.07,TRUE
"258",10,"CCCAAAGTATAGATTTGTTCACG","GCCTTTTGTTCACTTATAATCTTTT","CTYZ_00003645",0.91,0.91,0,TRUE
"259",1,"ACAGAAGGTGAGACAGTTAAA","AGAACTTTTTCTTCCGAAAAGTT","CTYZ_00001870",0.75,0.77,0.02,TRUE
"260",2,"ACAGAAGGTGAGACAGTTAAA","AGTTTGCTTTTCTTCTCCATAT","CTYZ_00001870",0.75,0.77,0.02,TRUE
"261",4,"ACAGAAGGTGAGACAGTTAAA","CAAACTCAGGGTTTTCTTTGT","CTYZ_00001870",0.75,0.66,0.09,TRUE
"262",5,"ACAGAAGGTGAGACAGTTAAA","GCTTTTCTTCTCCATATTACTTTC","CTYZ_00001870",0.75,0.8,0.05,TRUE
"263",6,"ACAGAAGGTGAGACAGTTAAA","CAAAATCAAACTCAGGGTTTTC","CTYZ_00001870",0.75,0.67,0.08,TRUE
"264",9,"ACAGAAGGTGAGACAGTTAAA","TCAAACTCAGGGTTTTCTTTG","CTYZ_00001870",0.75,0.7,0.05,TRUE
"265",10,"ACAGAAGGTGAGACAGTTAAA","TTCTTCTCCATATTACTTTCATAGTT","CTYZ_00001870",0.75,0.8,0.05,TRUE
"266",3,"TCATAATGCATACTATCCAATTCAA","CGTCCACCAGTTATTGTAGT","CTYZ_00001196",0.88,0.83,0.05,TRUE
"267",4,"TCATAATGCATACTATCCAATTCAA","CGTCCACCAGTTATTGTAGTT","CTYZ_00001196",0.88,0.95,0.07,TRUE
"268",7,"TCATAATGCATACTATCCAATTCAA","ATAATTTCTTGTTGTTGTGAAGC","CTYZ_00001196",0.88,0.82,0.06,TRUE
"269",8,"TCATAATGCATACTATCCAATTCAA","CGTCCACCAGTTATTGTAGTTT","CTYZ_00001196",0.88,0.97,0.09,TRUE
"270",9,"TCATAATGCATACTATCCAATTCAA","TCTTGTTGTTGTGAAGCCA","CTYZ_00001196",0.88,0.9,0.02,TRUE
"271",10,"TCATAATGCATACTATCCAATTCAA","TCCACCAGTTATTGTAGTTTGA","CTYZ_00001196",0.88,0.93,0.05,TRUE
"272",2,"GCGGTTCATATTCTAGTAAAAACAA","ACACTTGAAGTAGCAGCTTT","CTYZ_00001856",0.95,0.91,0.04,TRUE
"273",3,"GCGGTTCATATTCTAGTAAAAACAA","TCAAATATATATGTAACTTCAGGCTT","CTYZ_00001856",0.95,0.93,0.02,TRUE
"274",5,"GCGGTTCATATTCTAGTAAAAACAA","GGCTTTCCATTAAACTTAACACTT","CTYZ_00001856",0.95,0.96,0.01,TRUE
"275",6,"GCGGTTCATATTCTAGTAAAAACAA","CTTCAGGCTTTCCATTAAACTT","CTYZ_00001856",0.95,0.9,0.05,TRUE
"276",8,"GCGGTTCATATTCTAGTAAAAACAA","TGTAACTTCAGGCTTTCCATT","CTYZ_00001856",0.95,0.93,0.02,TRUE
"277",1,"AATAATGATTTTGGAATTGGAACTT","CCTTTAAATGGACTATATCTCTCTTT","CTYZ_00002115",0.92,0.9,0.02,TRUE
"278",2,"AATAATGATTTTGGAATTGGAACTT","ACCTTTAAATGGACTATATCTCTCT","CTYZ_00002115",0.92,0.84,0.08,TRUE
"279",5,"CAGAACTTTCGGAATTTGAAAAG","TGAGTTTATTATCTCCTCTGTAGA","CTYZ_00002115",0.84,0.79,0.05,TRUE
"280",6,"CAGAACTTTCGGAATTTGAAAAG","TCCTCTGTAGAATATTACATTGGA","CTYZ_00002115",0.84,0.9,0.06,TRUE
"281",7,"CAGAACTTTCGGAATTTGAAAAG","TCCAAGGTTATTTAGATTGAGTTTAT","CTYZ_00002115",0.84,0.92,0.08,TRUE
"282",8,"CAGAACTTTCGGAATTTGAAAAG","GTTTTCCAAGGTTATTTAGATTGAG","CTYZ_00002115",0.84,0.81,0.03,TRUE
"283",5,"CCTATTCAAATGATCCAGCCT","TCAAAATATGATCCTCGGAATTTA","CTYZ_00001108",0.9,0.91,0.01,TRUE
"284",7,"CCTATTCAAATGATCCAGCCT","AAATATGATCCTCGGAATTTAGTAT","CTYZ_00001108",0.9,0.89,0.01,TRUE
"285",8,"CCTATTCAAATGATCCAGCCT","TGTCAAAATATGATCCTCGGA","CTYZ_00001108",0.9,0.83,0.07,TRUE
"286",9,"CCTATTCAAATGATCCAGCCT","ACAAGTTGAGATTTTTCCATGG","CTYZ_00001108",0.9,0.87,0.03,TRUE
"287",10,"CCTATTCAAATGATCCAGCCT","GTTTTCTGTTAATGTTAGTGATTGA","CTYZ_00001108",0.9,0.83,0.07,TRUE
"288",1,"TTCCTTCACACTTGGGAATA","ACATTGTGTGATGTCATGAAC","CTYZ_00000998",0.85,0.79,0.06,TRUE
"289",5,"TTCCTTCACACTTGGGAATA","AAACATTGTGTGATGTCATGA","CTYZ_00000998",0.85,0.85,0,TRUE
"290",6,"TTCCTTCACACTTGGGAATA","TGAACATGAACTCCGCAC","CTYZ_00000998",0.85,0.86,0.01,TRUE
"291",7,"TTCCTTCACACTTGGGAATA","CATTGTGTGATGTCATGAACA","CTYZ_00000998",0.85,0.79,0.06,TRUE
"292",9,"TTCCTTCACACTTGGGAATA","CGTATTTGAAAGTGTTCTTTAAACAT","CTYZ_00000998",0.85,0.85,0,TRUE
"293",10,"TTCCTTCACACTTGGGAATA","ACATTATCCTACCGCTCCT","CTYZ_00000998",0.85,0.85,0,TRUE
"294",2,"GACAATTCACTCAGTTAAAGTTTTAT","AGATTGTGCCTCCAACTTC","CTYZ_00000194",0.91,0.9,0.01,TRUE
"295",6,"GACAATTCACTCAGTTAAAGTTTTAT","GTGCCTCCAACTTCAATTC","CTYZ_00000194",0.91,0.83,0.08,TRUE
"296",9,"GACAATTCACTCAGTTAAAGTTTTAT","GCAGATTTCTCAAGATCTTCTC","CTYZ_00000194",0.91,0.82,0.09,TRUE
"297",3,"AAGGCGAGAGATATTCTTACA","ATATAAAGTTCCCGTTTCATAATTC","CTYZ_00001006",0.78,0.82,0.04,TRUE
"298",5,"AAGGCGAGAGATATTCTTACA","CTATCAAATTTACAGTCTAGGATAGA","CTYZ_00001006",0.78,0.74,0.04,TRUE
"299",6,"AAGGCGAGAGATATTCTTACA","TCAACGGAACCTGGTTG","CTYZ_00001006",0.78,0.8,0.02,TRUE
"300",8,"AAGGCGAGAGATATTCTTACA","TGTGTCATATAAAGTTCCCGT","CTYZ_00001006",0.78,0.82,0.04,TRUE
"301",10,"AAGGCGAGAGATATTCTTACA","AGGATAGAGTTTTCAGCTTCA","CTYZ_00001006",0.78,0.76,0.02,TRUE
"302",4,"GCAGAAAGTTCAATAATCAGGAA","GCCAGAAAGAATATCACTCCA","CTYZ_00001005",0.87,0.89,0.02,TRUE
"303",7,"GCAGAAAGTTCAATAATCAGGAA","GGACTTATTTTGCCAGAAAGAAT","CTYZ_00001005",0.87,0.9,0.03,TRUE
"304",8,"GCAGAAAGTTCAATAATCAGGAA","GCTCTTTCTATTCTTTGTAATTGGA","CTYZ_00001005",0.87,0.94,0.07,TRUE
"305",10,"GCAGAAAGTTCAATAATCAGGAA","GGACTTATTTTGCCAGAAAGA","CTYZ_00001005",0.87,0.81,0.06,TRUE
"306",1,"CTAGAATAGTTTTTGCTATCTCGT","AAATAAATCTTGCTAATCGTAAAGAT","CTYZ_00000991",0.77,0.81,0.04,TRUE
"307",2,"CTAGAATAGTTTTTGCTATCTCGT","CGTAGTTTATTGTTTGCTGACT","CTYZ_00000991",0.77,0.86,0.09,TRUE
"308",3,"CTAGAATAGTTTTTGCTATCTCGT","GGGGGCTTTTGATTCGA","CTYZ_00000991",0.77,0.85,0.08,TRUE
"309",4,"CTAGAATAGTTTTTGCTATCTCGT","CAAAATCGTAGTTTATTGTTTGCT","CTYZ_00000991",0.77,0.86,0.09,TRUE
"310",10,"CTAGAATAGTTTTTGCTATCTCGT","ATAAATCTTGCTAATCGTAAAGATG","CTYZ_00000991",0.77,0.74,0.03,TRUE
"311",1,"AGGCAAGTAACTGGAAAAATG","CCAATAATATTTGTTGAGCATCCT","CTYZ_00000992",0.82,0.9,0.08,TRUE
"312",2,"AGGCAAGTAACTGGAAAAATG","CCAATAATATTTGTTGAGCATCC","CTYZ_00000992",0.82,0.74,0.08,TRUE
"313",3,"AGGCAAGTAACTGGAAAAATG","CTCCAATAATATTTGTTGAGCATC","CTYZ_00000992",0.82,0.83,0.01,TRUE
"314",5,"AGGCAAGTAACTGGAAAAATG","ATATTTGTTGAGCATCCTGAAA","CTYZ_00000992",0.82,0.81,0.01,TRUE
"315",6,"AGGCAAGTAACTGGAAAAATG","GAGCATCCTGAAAAATGTTGA","CTYZ_00000992",0.82,0.9,0.08,TRUE
"316",7,"AGGCAAGTAACTGGAAAAATG","TTGTTGAGCATCCTGAAAAAT","CTYZ_00000992",0.82,0.75,0.07,TRUE
"317",8,"AGGCAAGTAACTGGAAAAATG","TCCTGAAAAATGTTGATTAAAGTTT","CTYZ_00000992",0.82,0.91,0.09,TRUE
"318",9,"AGGCAAGTAACTGGAAAAATG","TGTTGAGCATCCTGAAAAATG","CTYZ_00000992",0.82,0.84,0.02,TRUE
"319",10,"AGGCAAGTAACTGGAAAAATG","CCTGAAAAATGTTGATTAAAGTTTTT","CTYZ_00000992",0.82,0.87,0.05,TRUE
"320",1,"AAAAGCGTGAAGAAAAAGGT","AGTCTGAAATATTTTCGTCTTTATTT","CTYZ_00000996",0.87,0.81,0.06,TRUE
"321",2,"AAAAGCGTGAAGAAAAAGGT","TTTATTTGGTTCTAAGCTACTGTT","CTYZ_00000996",0.87,0.88,0.01,TRUE
"322",3,"AAAAGCGTGAAGAAAAAGGT","TGAAATATTTTCGTCTTTATTTGGTT","CTYZ_00000996",0.87,0.89,0.02,TRUE
"323",4,"AAAAGCGTGAAGAAAAAGGT","AAGTCTGAAATATTTTCGTCTTTATT","CTYZ_00000996",0.87,0.89,0.02,TRUE
"324",5,"AAAAGCGTGAAGAAAAAGGT","CTTTATTTGGTTCTAAGCTACTGT","CTYZ_00000996",0.87,0.84,0.03,TRUE
"325",7,"AAAAGCGTGAAGAAAAAGGT","AAATATTTTCGTCTTTATTTGGTTCT","CTYZ_00000996",0.87,0.88,0.01,TRUE
"326",8,"AAAAGCGTGAAGAAAAAGGT","CGTCTTTATTTGGTTCTAAGCT","CTYZ_00000996",0.87,0.8,0.07,TRUE
"327",9,"AAAAGCGTGAAGAAAAAGGT","GTCTTTATTTGGTTCTAAGCTACT","CTYZ_00000996",0.87,0.81,0.06,TRUE
"328",10,"AAAAGCGTGAAGAAAAAGGT","GGTTAGCATGTATTACTTACCATAT","CTYZ_00000996",0.87,0.87,0,TRUE
"329",1,"CCCATCTATTAAGCAACTAAAATATT","ACTTTCCATATCTAGCAAATAATTTT","CTYZ_00000007",0.84,0.79,0.05,TRUE
"330",2,"CCCATCTATTAAGCAACTAAAATATT","AACTTTCCATATCTAGCAAATAATTT","CTYZ_00000007",0.84,0.88,0.04,TRUE
"331",3,"CCCATCTATTAAGCAACTAAAATATT","AAACTTTCCATATCTAGCAAATAATT","CTYZ_00000007",0.84,0.88,0.04,TRUE
"332",5,"CCCATCTATTAAGCAACTAAAATATT","CATCTTTTTCACAAGTAAGGGT","CTYZ_00000007",0.84,0.79,0.05,TRUE
"333",6,"CCCATCTATTAAGCAACTAAAATATT","GGTCTCATGTCTTTTTCCGT","CTYZ_00000007",0.84,0.91,0.07,TRUE
"334",7,"CCCATCTATTAAGCAACTAAAATATT","GATCTCCATCTTTTTCACAAGT","CTYZ_00000007",0.84,0.82,0.02,TRUE
"335",8,"CCCATCTATTAAGCAACTAAAATATT","ACAGCCAAACTTTCCATATCT","CTYZ_00000007",0.84,0.85,0.01,TRUE
"336",9,"CCCATCTATTAAGCAACTAAAATATT","GCAAATAATTTTGTCAAATCAGCT","CTYZ_00000007",0.84,0.88,0.04,TRUE
"337",10,"CCCATCTATTAAGCAACTAAAATATT","GTACAGCCAAACTTTCCATAT","CTYZ_00000007",0.84,0.77,0.07,TRUE
"338",1,"AGTAAAGTTCATAAATCAAAACCTG","TCTGCTAAAAGAACGTCTTTTT","CTYZ_00001002",0.75,0.77,0.02,TRUE
"339",2,"AGTAAAGTTCATAAATCAAAACCTG","ATCTGCTAAAAGAACGTCTTTT","CTYZ_00001002",0.75,0.74,0.01,TRUE
"340",8,"AGTAAAGTTCATAAATCAAAACCTG","CCTTTCTTTGCTCATTACAAATT","CTYZ_00001002",0.75,0.81,0.06,TRUE
"341",9,"AGTAAAGTTCATAAATCAAAACCTG","ATAATGATCTGCTAAAAGAACGT","CTYZ_00001002",0.75,0.83,0.08,TRUE
"342",10,"AGTAAAGTTCATAAATCAAAACCTG","TGATCTGCTAAAAGAACGTCT","CTYZ_00001002",0.75,0.84,0.09,TRUE
"343",1,"TCAAAAATTTATGAGAAATCCACTC","TCAATACCTCTTCCCCATAAAT","CTYZ_00001004",0.85,0.85,0,TRUE
"344",2,"TCAAAAATTTATGAGAAATCCACTC","CCCATAAATCTGTTGTAATTAAAACT","CTYZ_00001004",0.85,0.81,0.04,TRUE
"345",3,"TCAAAAATTTATGAGAAATCCACTC","AATCTGTTGTAATTAAAACTCGTG","CTYZ_00001004",0.85,0.85,0,TRUE
"346",5,"TCAAAAATTTATGAGAAATCCACTC","TCCCCATAAATCTGTTGTAATTAA","CTYZ_00001004",0.85,0.85,0,TRUE
"347",6,"TCAAAAATTTATGAGAAATCCACTC","TTCCCCATAAATCTGTTGTAATTA","CTYZ_00001004",0.85,0.88,0.03,TRUE
"348",7,"TCAAAAATTTATGAGAAATCCACTC","CTTCCCCATAAATCTGTTGTAA","CTYZ_00001004",0.85,0.77,0.08,TRUE
"349",9,"TCAAAAATTTATGAGAAATCCACTC","TTCCCCATAAATCTGTTGTAATT","CTYZ_00001004",0.85,0.84,0.01,TRUE
"350",10,"TCAAAAATTTATGAGAAATCCACTC","CTGTTGTAATTAAAACTCGTGTT","CTYZ_00001004",0.85,0.77,0.08,TRUE
"351",3,"AAGAGGTACAAAATGTTTCCG","TTCAAGAATTGATGCTTCGTATA","CTYZ_00002714",0.85,0.82,0.03,TRUE
"352",4,"AAGAGGTACAAAATGTTTCCG","TGATGCTTCGTATATTGAATTTAATT","CTYZ_00002714",0.85,0.87,0.02,TRUE
"353",5,"AAGAGGTACAAAATGTTTCCG","ATAGAAAAGAATAGGTTGTCATAAGA","CTYZ_00002714",0.85,0.88,0.03,TRUE
"354",6,"AAGAGGTACAAAATGTTTCCG","TTGATGCTTCGTATATTGAATTTAAT","CTYZ_00002714",0.85,0.77,0.08,TRUE
"355",9,"AAGAGGTACAAAATGTTTCCG","AAAAGAATAGGTTGTCATAAGAGT","CTYZ_00002714",0.85,0.82,0.03,TRUE
"356",2,"TCGAAGATAATGAGCAAAAAGA","CTGAATCTGGGATTTCAATTCTAT","CTYZ_00001000",0.81,0.86,0.05,TRUE
"357",6,"TCGAAGATAATGAGCAAAAAGA","CAATTCTATCCTCTCCATGAAC","CTYZ_00001000",0.81,0.73,0.08,TRUE
"358",7,"TCGAAGATAATGAGCAAAAAGA","TCTTAATTCATTTCTCTCTTCTAGTG","CTYZ_00001000",0.81,0.87,0.06,TRUE
"359",8,"TCGAAGATAATGAGCAAAAAGA","GATTTCAATTCTATCCTCTCCAT","CTYZ_00001000",0.81,0.75,0.06,TRUE
"360",10,"TCGAAGATAATGAGCAAAAAGA","TGGGATTTCAATTCTATCCTCT","CTYZ_00001000",0.81,0.77,0.04,TRUE
"361",5,"ACAAGAGGACAAAGAAAAAGAA","GTTGAAGAACATCCTTGTAAAATT","CTYZ_00001598",0.74,0.8,0.06,TRUE
"362",6,"ACAAGAGGACAAAGAAAAAGAA","CCAATTTCATTAAAATCAGGATGT","CTYZ_00001598",0.74,0.7,0.04,TRUE
"363",7,"ACAAGAGGACAAAGAAAAAGAA","TGAAGAACATCCTTGTAAAATTCT","CTYZ_00001598",0.74,0.75,0.01,TRUE
"364",8,"ACAAGAGGACAAAGAAAAAGAA","TTCCATAAGCATTGACTTAATACT","CTYZ_00001598",0.74,0.73,0.01,TRUE
"365",10,"ACAAGAGGACAAAGAAAAAGAA","ATCCTTGTAAAATTCTATAGATGACT","CTYZ_00001598",0.74,0.72,0.02,TRUE
"366",2,"AAAGAAACGAAATGCTATTTTTGA","AATTTTCTCTAACGTGTTTATTCTG","CTYZ_00000993",0.91,0.87,0.04,TRUE
"367",6,"AAAGAAACGAAATGCTATTTTTGA","AAATATACGAATTTCAGCCCTTA","CTYZ_00000993",0.91,0.93,0.02,TRUE
"368",7,"AAAGAAACGAAATGCTATTTTTGA","CGTGTTTATTCTGTAGTAACCATA","CTYZ_00000993",0.91,0.91,0,TRUE
"369",10,"AAAGAAACGAAATGCTATTTTTGA","CTGAATAACCTCTATCATTGATCTAA","CTYZ_00000993",0.91,0.84,0.07,TRUE
"370",1,"TGCTTTCATTGCTTTCTTCC","AGGCGTACTTTTCTCTGTAAT","CTYZ_00001187",0.81,0.81,0,TRUE
"371",3,"TGCTTTCATTGCTTTCTTCC","CAAATTGCTCAGTATCAAGGA","CTYZ_00001187",0.81,0.75,0.06,TRUE
"372",4,"TGCTTTCATTGCTTTCTTCC","AGTAGCATGGGAACCAAATT","CTYZ_00001187",0.81,0.72,0.09,TRUE
"373",5,"TGCTTTCATTGCTTTCTTCC","TCAGTATCAAGGAAAACAAAGG","CTYZ_00001187",0.81,0.84,0.03,TRUE
"374",6,"TGCTTTCATTGCTTTCTTCC","TGGGAATTTCTCAATCAAGAGA","CTYZ_00001187",0.81,0.84,0.03,TRUE
"375",8,"TGCTTTCATTGCTTTCTTCC","CTGGGAATTTCTCAATCAAGAG","CTYZ_00001187",0.81,0.77,0.04,TRUE
"376",2,"AACAAGACAGAAATAGAAGTCAATA","GGAAGTTTGATTTTCTTGGAAATG","CTYZ_00001495",0.95,0.88,0.07,TRUE
"377",6,"AACAAGACAGAAATAGAAGTCAATA","AGTTTGATTTTCTTGGAAATGTTTAA","CTYZ_00001495",0.95,0.88,0.07,TRUE
"378",9,"TTACAAAGAAAAAAAGTTTGATGAAG","TTTCAATATTCACCCACAAAGT","CTYZ_00001495",0.76,0.76,0,TRUE
"379",10,"TTACAAAGAAAAAAAGTTTGATGAAG","ACCCACAAAGTTGGTAATTC","CTYZ_00001495",0.76,0.72,0.04,TRUE
"380",2,"AGTTTATTAAACAAGATCCTGCTA","TTACATCTACTATCTTTTCGTTAGAA","CTYZ_00000997",0.85,0.79,0.06,TRUE
"381",4,"AGTTTATTAAACAAGATCCTGCTA","ATATCCACCACTCTTCATACTT","CTYZ_00000997",0.85,0.91,0.06,TRUE
"382",5,"AGTTTATTAAACAAGATCCTGCTA","ATCCGATGATTTGGGGATT","CTYZ_00000997",0.85,0.82,0.03,TRUE
"383",6,"AGTTTATTAAACAAGATCCTGCTA","GTTAGAAGAACAACGCGTATA","CTYZ_00000997",0.85,0.82,0.03,TRUE
"384",7,"AGTTTATTAAACAAGATCCTGCTA","CCACCACTCTTCATACTTTGT","CTYZ_00000997",0.85,0.87,0.02,TRUE
"385",8,"AGTTTATTAAACAAGATCCTGCTA","ACATCTACTATCTTTTCGTTAGAAG","CTYZ_00000997",0.85,0.79,0.06,TRUE
"386",10,"AGTTTATTAAACAAGATCCTGCTA","TCTTTACATCTACTATCTTTTCGTT","CTYZ_00000997",0.85,0.88,0.03,TRUE
"387",2,"GCAAGTTTGCTGTTTTTGTTTTT","TGGAGATGTTAAAATGACCTTTC","CTYZ_00003977",0.95,0.87,0.08,TRUE
"388",6,"GCAAGTTTGCTGTTTTTGTTTTT","CTGGAGATGTTAAAATGACCTTT","CTYZ_00003977",0.95,0.91,0.04,TRUE
"389",9,"GCAAGTTTGCTGTTTTTGTTTTT","ACTGGAGATGTTAAAATGACCT","CTYZ_00003977",0.95,0.86,0.09,TRUE
"390",10,"GCAAGTTTGCTGTTTTTGTTTTT","TGGAGGCATCAAATTTGAAATT","CTYZ_00003977",0.95,0.91,0.04,TRUE
"391",2,"TTCCAAAAGAGTAGTATTTCCAAA","CAGTTGATTCCATTATTGACTGT","CTYZ_00002543",0.77,0.84,0.07,TRUE
"392",3,"TTCCAAAAGAGTAGTATTTCCAAA","TGGATCTGTAATGCAATATCTCT","CTYZ_00002543",0.77,0.83,0.06,TRUE
"393",4,"TTCCAAAAGAGTAGTATTTCCAAA","TTCCATTATTGACTGTTGTACTT","CTYZ_00002543",0.77,0.75,0.02,TRUE
"394",5,"TTCCAAAAGAGTAGTATTTCCAAA","TGTTGTACTTTTAAATCTGTAATGTT","CTYZ_00002543",0.77,0.84,0.07,TRUE
"395",6,"TTCCAAAAGAGTAGTATTTCCAAA","AAATCTGTAATGTTTCTCTGCA","CTYZ_00002543",0.77,0.84,0.07,TRUE
"396",7,"TTCCAAAAGAGTAGTATTTCCAAA","GTAATGTTTCTCTGCAGCTC","CTYZ_00002543",0.77,0.83,0.06,TRUE
"397",9,"TTCCAAAAGAGTAGTATTTCCAAA","CTAACAGTTGATTCCATTATTGAC","CTYZ_00002543",0.77,0.71,0.06,TRUE
"398",10,"TTCCAAAAGAGTAGTATTTCCAAA","CAATATCTCTAACAGTTGATTCCA","CTYZ_00002543",0.77,0.76,0.01,TRUE
"399",1,"AATAGCATCTTTGAGTTGGTAAA","ACTCGTAGAATCCGATTCAC","CTYZ_00000989",0.85,0.77,0.08,TRUE
"400",2,"AATAGCATCTTTGAGTTGGTAAA","TTGGTGACTTTAAGCTCGA","CTYZ_00000989",0.85,0.81,0.04,TRUE
"401",5,"AATAGCATCTTTGAGTTGGTAAA","GGTGACTTTAAGCTCGACA","CTYZ_00000989",0.85,0.84,0.01,TRUE
"402",6,"GTTGACGAGATGGCTGAT","GATGAAAACAAGTATTTTCCAGAC","CTYZ_00000989",0.78,0.84,0.06,TRUE
"403",7,"GTTGACGAGATGGCTGAT","AATTAGATGAAAACAAGTATTTTCCA","CTYZ_00000989",0.78,0.83,0.05,TRUE
"404",8,"GATTTGTTTATAGGTGTCTTAGAATG","AGACACCATTTATATATATTGCTGTA","CTYZ_00000989",0.84,0.87,0.03,TRUE
"405",9,"GATTTGTTTATAGGTGTCTTAGAATG","ATGCCCTAACACATTGAGTA","CTYZ_00000989",0.84,0.86,0.02,TRUE
"406",2,"CCCGGAAAAAAAGTCTTTAGTA","AGGTTTCTGACCCTCCTT","CTYZ_00001186",0.89,0.81,0.08,TRUE
"407",6,"CCCGGAAAAAAAGTCTTTAGTA","CGTCTTTACTGCCTTTGTAAAC","CTYZ_00001186",0.89,0.92,0.03,TRUE
"408",7,"CCCGGAAAAAAAGTCTTTAGTA","GACCCTCCTTATTAATCTTTTGTA","CTYZ_00001186",0.89,0.91,0.02,TRUE
"409",8,"CCCGGAAAAAAAGTCTTTAGTA","CCCTCCTTATTAATCTTTTGTAAGA","CTYZ_00001186",0.89,0.84,0.05,TRUE
"410",9,"CCCGGAAAAAAAGTCTTTAGTA","AGTTTTGGCTTTGGTCTTTG","CTYZ_00001186",0.89,0.83,0.06,TRUE
"411",10,"CCCGGAAAAAAAGTCTTTAGTA","GTTTTGGCTTTGGTCTTTGA","CTYZ_00001186",0.89,0.89,0,TRUE
"412",5,"CATCCACAAAAATGGAATTATTCA","TTATGATACAAATCAAATGCTCTG","CTYZ_00000999",0.63,0.72,0.09,TRUE
"413",6,"CATCCACAAAAATGGAATTATTCA","GCTCTGTTATCATGGAAAGG","CTYZ_00000999",0.63,0.71,0.08,TRUE
"414",8,"CATCCACAAAAATGGAATTATTCA","CTCTGTTATCATGGAAAGGTAG","CTYZ_00000999",0.63,0.69,0.06,TRUE
"415",1,"GGAAGAGAGATTTTTAGTATTTGGA","GATTCTAATGTTTTTTGTCCTTCTT","CTYZ_00002715",0.88,0.91,0.03,TRUE
"416",2,"GGAAGAGAGATTTTTAGTATTTGGA","TCTAATGTTTTTTGTCCTTCTTCA","CTYZ_00002715",0.88,0.88,0,TRUE
"417",3,"GGAAGAGAGATTTTTAGTATTTGGA","CCATTTCTTTGACAAAAACTAATCT","CTYZ_00002715",0.88,0.83,0.05,TRUE
"418",4,"GGAAGAGAGATTTTTAGTATTTGGA","CTAATGATTCTAATGTTTTTTGTCCT","CTYZ_00002715",0.88,0.8,0.08,TRUE
"419",2,"CAAACGAAAAAAACATTCTGGAA","CGAGAATCGTAGGAATTGACTA","CTYZ_00002132",0.85,0.91,0.06,TRUE
"420",6,"CAAACGAAAAAAACATTCTGGAA","CTAAAAGTTAGATGTTGACGAGAA","CTYZ_00002132",0.85,0.83,0.02,TRUE
"421",7,"CAAACGAAAAAAACATTCTGGAA","AGAATCGTAGGAATTGACTAAATT","CTYZ_00002132",0.85,0.83,0.02,TRUE
"422",9,"CAAACGAAAAAAACATTCTGGAA","TTACTAAAAGTTAGATGTTGACGA","CTYZ_00002132",0.85,0.79,0.06,TRUE
"423",10,"CAAACGAAAAAAACATTCTGGAA","AATTACTAAAAGTTAGATGTTGACG","CTYZ_00002132",0.85,0.76,0.09,TRUE
"424",1,"AAGCTTTGTGTAATTGTGCT","CCAACTCTTCTTCTGTGAATC","CTYZ_00002885",0.82,0.81,0.01,TRUE
"425",2,"AAGCTTTGTGTAATTGTGCT","GCCAACTCTTCTTCTGTGA","CTYZ_00002885",0.82,0.87,0.05,TRUE
"426",5,"AAGCTTTGTGTAATTGTGCT","GCCAACTCTTCTTCTGTGAA","CTYZ_00002885",0.82,0.89,0.07,TRUE
"427",7,"AAGCTTTGTGTAATTGTGCT","CGCCAACTCTTCTTCTGT","CTYZ_00002885",0.82,0.8,0.02,TRUE
"428",8,"TCCTGCATATACTGTGAAAAAC","TGAACTAGACAAACTGTTCGT","CTYZ_00002885",0.84,0.82,0.02,TRUE
"429",3,"GAAGATACGAAAATTGGGGAG","TTGGAGAAATAATTGCTGATGAT","CTYZ_00000240",0.85,0.79,0.06,TRUE
"430",5,"GAAGATACGAAAATTGGGGAG","ATAATTGCTGATGATCTACTTCC","CTYZ_00000240",0.85,0.82,0.03,TRUE
"431",6,"GAAGATACGAAAATTGGGGAG","TGGAGAAATAATTGCTGATGATC","CTYZ_00000240",0.85,0.88,0.03,TRUE
"432",7,"GAAGATACGAAAATTGGGGAG","GCACAAAAATAGTTTACCTGTTG","CTYZ_00000240",0.85,0.83,0.02,TRUE
"433",9,"GAAGATACGAAAATTGGGGAG","AGAAATAATTGCTGATGATCTACTT","CTYZ_00000240",0.85,0.9,0.05,TRUE
"434",1,"AGAAGAGAAAGAGAAGAGAAAGA","GAAAGTGAAGCAAGCATGT","CTYZ_00003983",0.85,0.81,0.04,TRUE
"435",2,"AGAAGAGAAAGAGAAGAGAAAGA","AACCACTAGCCTGTTGTT","CTYZ_00003983",0.85,0.88,0.03,TRUE
"436",3,"AGAAGAGAAAGAGAAGAGAAAGA","CAAGCATGTCTGAAATACCTT","CTYZ_00003983",0.85,0.84,0.01,TRUE
"437",4,"AGAAGAGAAAGAGAAGAGAAAGA","GAGTAACAGTATCTGACACTGA","CTYZ_00003983",0.85,0.86,0.01,TRUE
"438",7,"AGAAGAGAAAGAGAAGAGAAAGA","TCCTAACTCCATCCCAGT","CTYZ_00003983",0.85,0.78,0.07,TRUE
"439",8,"AGAAGAGAAAGAGAAGAGAAAGA","AACTCCATCCCAGTCCTA","CTYZ_00003983",0.85,0.92,0.07,TRUE
"440",9,"AGAAGAGAAAGAGAAGAGAAAGA","CCTGTTGTTGTGGAGTAACA","CTYZ_00003983",0.85,0.88,0.03,TRUE
"441",10,"AGAAGAGAAAGAGAAGAGAAAGA","AAAGTGAAGCAAGCATGTC","CTYZ_00003983",0.85,0.89,0.04,TRUE
"442",1,"AGACTATATCAATTTCCTTTCAAGT","AAACTATATCGTTAATGTAGCAAAAT","CTYZ_00001183",0.75,0.82,0.07,TRUE
"443",2,"AGACTATATCAATTTCCTTTCAAGT","AAGTAACTCCAAAATCCCTAAAA","CTYZ_00001183",0.75,0.82,0.07,TRUE
"444",4,"AGACTATATCAATTTCCTTTCAAGT","AGCATGATATTTAAGTAACTCCAAA","CTYZ_00001183",0.75,0.84,0.09,TRUE
"445",5,"AGACTATATCAATTTCCTTTCAAGT","AAAACTATATCGTTAATGTAGCAAAA","CTYZ_00001183",0.75,0.84,0.09,TRUE
"446",6,"AGACTATATCAATTTCCTTTCAAGT","CAAAATCCCTAAAACTATATCGTTAA","CTYZ_00001183",0.75,0.77,0.02,TRUE
"447",8,"AGACTATATCAATTTCCTTTCAAGT","CCTCTACACCGTCTCCA","CTYZ_00001183",0.75,0.77,0.02,TRUE
"448",9,"AGACTATATCAATTTCCTTTCAAGT","ATATTTAAGTAACTCCAAAATCCCT","CTYZ_00001183",0.75,0.84,0.09,TRUE
"449",2,"CTCTTCAAAGGTGGAATATGAAA","TGACCATTTTTTACTTGATTTACTG","CTYZ_00001596",0.81,0.8,0.01,TRUE
"450",3,"CTCTTCAAAGGTGGAATATGAAA","GCAAAAATATGACCATTTTTTACTT","CTYZ_00001596",0.81,0.77,0.04,TRUE
"451",4,"CTCTTCAAAGGTGGAATATGAAA","AATTAGATCACTACCAAGAAGATAAA","CTYZ_00001596",0.81,0.85,0.04,TRUE
"452",6,"TCTTTCAAATAAATCAGCAGGA","AACACTAAAATAATCTTCAATCTCTC","CTYZ_00001596",0.82,0.84,0.02,TRUE
"453",7,"TCTTTCAAATAAATCAGCAGGA","GTGCTGTAGGACCTTTCTT","CTYZ_00001596",0.82,0.87,0.05,TRUE
"454",9,"TCTTTCAAATAAATCAGCAGGA","CGTGCTGTAGGACCTTTC","CTYZ_00001596",0.82,0.89,0.07,TRUE
"455",3,"GGAAGGAAAAATGTTGTTTTTTTAT","CTTTATGTTTGTCAATTAGTTCAGT","CTYZ_00002504",0.67,0.75,0.08,TRUE
"456",6,"GGAAGGAAAAATGTTGTTTTTTTAT","ACATTTTTCTGGCCTGATTAA","CTYZ_00002504",0.67,0.76,0.09,TRUE
"457",7,"GGAAGGAAAAATGTTGTTTTTTTAT","CGGAGAGAAGAGACTCTCT","CTYZ_00002504",0.67,0.63,0.04,TRUE
"458",2,"AAGGAAGTAATAGTCGTCAAAC","AATTGTTTATAGTCAGCCATCC","CTYZ_00002131",0.83,0.87,0.04,TRUE
"459",3,"AAGGAAGTAATAGTCGTCAAAC","TCCTTTAACTGAGCTAAACAAAC","CTYZ_00002131",0.83,0.91,0.08,TRUE
"460",4,"AAGGAAGTAATAGTCGTCAAAC","AATTTTTTGAATTGTTTATAGTCAGC","CTYZ_00002131",0.83,0.83,0,TRUE
"461",6,"AAGGAAGTAATAGTCGTCAAAC","CCTTTAACTGAGCTAAACAAACA","CTYZ_00002131",0.83,0.89,0.06,TRUE
"462",7,"AAGGAAGTAATAGTCGTCAAAC","TCAATCTCCTTTAACTGAGCTAA","CTYZ_00002131",0.83,0.92,0.09,TRUE
"463",8,"AAGGAAGTAATAGTCGTCAAAC","CAATCTCCTTTAACTGAGCTAAA","CTYZ_00002131",0.83,0.76,0.07,TRUE
"464",9,"AAGGAAGTAATAGTCGTCAAAC","AGTCAGCCATCCCAACA","CTYZ_00002131",0.83,0.86,0.03,TRUE
"465",10,"AAGGAAGTAATAGTCGTCAAAC","GTTTATAGTCAGCCATCCCA","CTYZ_00002131",0.83,0.82,0.01,TRUE
"466",2,"TTCTTTGTTACTCCTTCAGATTC","ACTAATGGCTTTGTTGGGT","CTYZ_00002575",0.8,0.81,0.01,TRUE
"467",3,"TTCTTTGTTACTCCTTCAGATTC","TTTGGATTCTTGTGGGCTA","CTYZ_00002575",0.8,0.89,0.09,TRUE
"468",5,"TTCTTTGTTACTCCTTCAGATTC","GTTGGGTTTGGATTCTTGTG","CTYZ_00002575",0.8,0.86,0.06,TRUE
"469",6,"TTCTTTGTTACTCCTTCAGATTC","TTGTTGGGTTTGGATTCTTG","CTYZ_00002575",0.8,0.78,0.02,TRUE
"470",8,"TTCTTTGTTACTCCTTCAGATTC","GCCCATAATCCGTCCTT","CTYZ_00002575",0.8,0.81,0.01,TRUE
"471",10,"TTCTTTGTTACTCCTTCAGATTC","CCTTTTCACGAATATGGTCG","CTYZ_00002575",0.8,0.78,0.02,TRUE
"472",1,"AGAAGAAGAATCACCGCTT","TGGAAAAAAGTGCTTCAATTTTC","CTYZ_00003090",0.85,0.88,0.03,TRUE
"473",2,"AGAAGAAGAATCACCGCTT","TTAAAAATGGAAAAAAGTGCTTCA","CTYZ_00003090",0.85,0.85,0,TRUE
"474",3,"AGAAGAAGAATCACCGCTT","CAATTTTCTTCTCAATAACAACGTA","CTYZ_00003090",0.85,0.92,0.07,TRUE
"475",4,"AGAAGAAGAATCACCGCTT","CAATTTTCTTCTCAATAACAACGT","CTYZ_00003090",0.85,0.81,0.04,TRUE
"476",5,"AGAAGAAGAATCACCGCTT","TGCTTCAATTTTCTTCTCAATAAC","CTYZ_00003090",0.85,0.77,0.08,TRUE
"477",7,"AGAAGAAGAATCACCGCTT","TCAATTTTCTTCTCAATAACAACG","CTYZ_00003090",0.85,0.84,0.01,TRUE
"478",8,"AGAAGAAGAATCACCGCTT","GCTTCAATTTTCTTCTCAATAACA","CTYZ_00003090",0.85,0.77,0.08,TRUE
"479",9,"AGAAGAAGAATCACCGCTT","CAATTTTCTTCTCAATAACAACGTAT","CTYZ_00003090",0.85,0.92,0.07,TRUE
"480",10,"AGAAGAAGAATCACCGCTT","TTATTAAAAATGGAAAAAAGTGCTTC","CTYZ_00003090",0.85,0.85,0,TRUE
"481",3,"AACTCTCAGAAATGTCCAGA","CTCTCCTTGTTTCCTACGAT","CTYZ_00002382",0.82,0.75,0.07,TRUE
"482",4,"AACTCTCAGAAATGTCCAGA","TTCCTACGATATTCTTCCTCTT","CTYZ_00002382",0.82,0.81,0.01,TRUE
"483",6,"AACTCTCAGAAATGTCCAGA","CGAATATTTGTTTAGCTTCAGCA","CTYZ_00002382",0.82,0.9,0.08,TRUE
"484",10,"AACTCTCAGAAATGTCCAGA","CTCTCCTTGTTTCCTACGA","CTYZ_00002382",0.82,0.73,0.09,TRUE
"485",2,"ATTTAGAAAGTTTTTCACTCAAGTT","TCTATTTGAAATATATCACTGTTTGG","CTYZ_00000005",0.73,0.77,0.04,TRUE
"486",3,"ATTTAGAAAGTTTTTCACTCAAGTT","TTTGAAATATATCACTGTTTGGTAC","CTYZ_00000005",0.73,0.67,0.06,TRUE
"487",5,"ATTTAGAAAGTTTTTCACTCAAGTT","TCACTGTTTGGTACGCC","CTYZ_00000005",0.73,0.81,0.08,TRUE
"488",8,"CGAAGTACGTTTTAGAGTGATAA","GAACCCGAAAAAATTTGTAACA","CTYZ_00000005",0.77,0.78,0.01,TRUE
"489",9,"CGAAGTACGTTTTAGAGTGATAA","CAACAGTTTTAATAGAACCCGA","CTYZ_00000005",0.77,0.85,0.08,TRUE
"490",2,"CCTACCTTACAACCTTAACTTC","GTTGTAAACACCAAACAAAAATG","CTYZ_00001008",0.77,0.68,0.09,TRUE
"491",4,"CCTACCTTACAACCTTAACTTC","CAAACAAAAATGGATCCAGTTT","CTYZ_00001008",0.77,0.83,0.06,TRUE
"492",7,"CCTACCTTACAACCTTAACTTC","CTTCTGAATCTATTATGCTCCAA","CTYZ_00001008",0.77,0.73,0.04,TRUE
"493",8,"CCTACCTTACAACCTTAACTTC","TGTAAACACCAAACAAAAATGG","CTYZ_00001008",0.77,0.74,0.03,TRUE
"494",10,"CCTACCTTACAACCTTAACTTC","CTCCAAACTCTCCCCAAT","CTYZ_00001008",0.77,0.68,0.09,TRUE
"495",5,"TTCAGTACTTACCAATTACTATGTT","ATCCAAATCATTAGAGCTTGAG","CTYZ_00002119",0.82,0.73,0.09,TRUE
"496",6,"TTCAGTACTTACCAATTACTATGTT","GCTTGAGAAAGGAGCAGAAT","CTYZ_00002119",0.82,0.87,0.05,TRUE
"497",7,"TTCAGTACTTACCAATTACTATGTT","GAATCATAAGAATATGGAGCTGA","CTYZ_00002119",0.82,0.82,0,TRUE
"498",2,"TCCTTGAGAATAACTTATTTGAAGT","TCCTTTGATGATTCTGTTCCT","CTYZ_00001494",0.77,0.86,0.09,TRUE
"499",4,"TCCTTGAGAATAACTTATTTGAAGT","TGAGACATTCCCATTTGAATTT","CTYZ_00001494",0.77,0.83,0.06,TRUE
"500",5,"TCCTTGAGAATAACTTATTTGAAGT","CAAAATTCCTTCTTCTAGATGGA","CTYZ_00001494",0.77,0.75,0.02,TRUE
"501",6,"TCCTTGAGAATAACTTATTTGAAGT","GTTAAATCTTCCAAGCTCTACTAG","CTYZ_00001494",0.77,0.8,0.03,TRUE
"502",7,"TCCTTGAGAATAACTTATTTGAAGT","TTATTATAATGAGACATTCCCATTTG","CTYZ_00001494",0.77,0.71,0.06,TRUE
"503",8,"TCCTTGAGAATAACTTATTTGAAGT","GTCATTCCTTTGATGATTCTGT","CTYZ_00001494",0.77,0.78,0.01,TRUE
"504",9,"TCCTTGAGAATAACTTATTTGAAGT","ATTTGAATTTGGTCATTCCTTTG","CTYZ_00001494",0.77,0.72,0.05,TRUE
"505",10,"TCCTTGAGAATAACTTATTTGAAGT","AGTCACTCCTTTATTATAATGAGAC","CTYZ_00001494",0.77,0.74,0.03,TRUE
"506",1,"TCATTTAAACCAATTTCCAATTCAA","GTCAAATCATTATTATCCATGTACTT","CTYZ_00001197",0.83,0.83,0,TRUE
"507",2,"TCATTTAAACCAATTTCCAATTCAA","CTGTCAAATCATTATTATCCATGTAC","CTYZ_00001197",0.83,0.81,0.02,TRUE
"508",3,"TCATTTAAACCAATTTCCAATTCAA","TCTATTCTACATTGACAAGAACTAAT","CTYZ_00001197",0.83,0.83,0,TRUE
"509",4,"AGGTACGGTTTCTTATGACG","CGAGATAGCAAGAGAATTATCAAT","CTYZ_00001197",0.84,0.83,0.01,TRUE
"510",6,"AGGTACGGTTTCTTATGACG","TTTTCCAAATCCATATCCTGAATA","CTYZ_00001197",0.84,0.87,0.03,TRUE
"511",7,"AGGTACGGTTTCTTATGACG","GAGATAGCAAGAGAATTATCAATTAC","CTYZ_00001197",0.84,0.79,0.05,TRUE
"512",8,"AGGTACGGTTTCTTATGACG","ACTTCACTTGGATTAAATAAAGATTC","CTYZ_00001197",0.84,0.82,0.02,TRUE
"513",9,"AGGTACGGTTTCTTATGACG","AATATCAATGTTTTCCAAATCCATAT","CTYZ_00001197",0.84,0.9,0.06,TRUE
"514",10,"AGGTACGGTTTCTTATGACG","GTTTTCCAAATCCATATCCTGA","CTYZ_00001197",0.84,0.81,0.03,TRUE
"515",4,"TTTAACTTCAAAGTTCACACCA","GTTATCGTAGAGTTTGCCTG","CTYZ_00002884",0.59,0.63,0.04,TRUE
"516",1,"ACCAAGACAATCTAATCTCAAAG","GCTATTTTATTCACCTCTGAAATAAG","CTYZ_00002553",0.75,0.82,0.07,TRUE
"517",2,"ACCAAGACAATCTAATCTCAAAG","TTTCCAAATTACATGGCTCAA","CTYZ_00002553",0.75,0.69,0.06,TRUE
"518",3,"ACCAAGACAATCTAATCTCAAAG","ATTTTATTCACCTCTGAAATAAGTG","CTYZ_00002553",0.75,0.66,0.09,TRUE
"519",4,"ACCAAGACAATCTAATCTCAAAG","TGCTATTTTATTCACCTCTGAAAT","CTYZ_00002553",0.75,0.79,0.04,TRUE
"520",5,"ACCAAGACAATCTAATCTCAAAG","TTGCTATTTTATTCACCTCTGAA","CTYZ_00002553",0.75,0.7,0.05,TRUE
"521",6,"ACCAAGACAATCTAATCTCAAAG","TGCTATTTTATTCACCTCTGAAA","CTYZ_00002553",0.75,0.7,0.05,TRUE
"522",7,"ACCAAGACAATCTAATCTCAAAG","GTGTTTCCAAATTACATGGCT","CTYZ_00002553",0.75,0.82,0.07,TRUE
"523",8,"ACCAAGACAATCTAATCTCAAAG","CTGAAATAAGTGTTTCCAAATTACA","CTYZ_00002553",0.75,0.76,0.01,TRUE
"524",9,"ACCAAGACAATCTAATCTCAAAG","CTCCATTCTAACAAGAGAATAATTC","CTYZ_00002553",0.75,0.68,0.07,TRUE
"525",1,"GCTTCCAAAATCAAGAAGCAA","TTCCATCTTATATTTGTAGCTCTC","CTYZ_00003373",0.74,0.79,0.05,TRUE
"526",4,"GCTTCCAAAATCAAGAAGCAA","CTCAACCAAATTAGAGGCAG","CTYZ_00003373",0.74,0.73,0.01,TRUE
"527",5,"GCTTCCAAAATCAAGAAGCAA","CCAATTCCATCTTATATTTGTAGC","CTYZ_00003373",0.74,0.7,0.04,TRUE
"528",6,"TCTGGGATATTTCTGTCGG","GTAATTGTCCAATACATGAAATCTG","CTYZ_00003373",0.77,0.81,0.04,TRUE
"529",7,"TCTGGGATATTTCTGTCGG","GGTCAACAATAAATCTAAATTGTGT","CTYZ_00003373",0.77,0.75,0.02,TRUE
"530",10,"CAGAAGCTACAAAGGAATACTT","CTATTTCTGTAGCATCTTCATCAT","CTYZ_00003373",0.79,0.82,0.03,TRUE
"531",2,"AACTCATTATAGCCCTGGTT","AAATTTATCTGGATTATCAAACAAGT","CTYZ_00001753",0.91,0.83,0.08,TRUE
"532",3,"AACTCATTATAGCCCTGGTT","GCAACCAACTTTTAAATTTATCTGG","CTYZ_00001753",0.91,0.93,0.02,TRUE
"533",4,"AACTCATTATAGCCCTGGTT","CAACCAACTTTTAAATTTATCTGGA","CTYZ_00001753",0.91,0.84,0.07,TRUE
"534",7,"AACTCATTATAGCCCTGGTT","CAACCAACTTTTAAATTTATCTGGAT","CTYZ_00001753",0.91,0.86,0.05,TRUE
"535",8,"AACTCATTATAGCCCTGGTT","AATTGATAGTTTCATGAAGCAATT","CTYZ_00001753",0.91,0.85,0.06,TRUE
"536",9,"AACTCATTATAGCCCTGGTT","AGCAACCAACTTTTAAATTTATCTG","CTYZ_00001753",0.91,0.87,0.04,TRUE
"537",2,"CCAATACAAATCCAGATGTTTTAAAT","CCTAAAGATTTGTATGCTCGAG","CTYZ_00001001",0.87,0.83,0.04,TRUE
"538",3,"CCAATACAAATCCAGATGTTTTAAAT","GCCTGTCATTCGATGATGC","CTYZ_00001001",0.87,0.94,0.07,TRUE
"539",5,"CCAATACAAATCCAGATGTTTTAAAT","CCGATTATTCTCTGCCCTA","CTYZ_00001001",0.87,0.85,0.02,TRUE
"540",6,"CCAATACAAATCCAGATGTTTTAAAT","GCCGATTATTCTCTGCCC","CTYZ_00001001",0.87,0.88,0.01,TRUE
"541",7,"CCAATACAAATCCAGATGTTTTAAAT","CGATTATTCTCTGCCCTAAAGA","CTYZ_00001001",0.87,0.93,0.06,TRUE
"542",8,"CCAATACAAATCCAGATGTTTTAAAT","TGCCGATTATTCTCTGCC","CTYZ_00001001",0.87,0.8,0.07,TRUE
"543",10,"CCAATACAAATCCAGATGTTTTAAAT","CGATTATTCTCTGCCCTAAAGAT","CTYZ_00001001",0.87,0.94,0.07,TRUE
"550",3,"TCCAACAACTTTTATTCAAAAAGAA","ATTCCAAGAAGACTTGTTTTAATTAT","CTYZ_00001758",0.69,0.69,0,TRUE
"551",5,"TCCAACAACTTTTATTCAAAAAGAA","TTTGTTTCAACAGGTATTTTAATTTC","CTYZ_00001758",0.69,0.74,0.05,TRUE
"552",7,"TCCAACAACTTTTATTCAAAAAGAA","AGAAAGAAAATAGGGAAAGCTAC","CTYZ_00001758",0.69,0.78,0.09,TRUE
"553",10,"TCCAACAACTTTTATTCAAAAAGAA","ATCTTAGAAAGAAAGAAAATAGGGA","CTYZ_00001758",0.69,0.75,0.06,TRUE
"554",1,"GCTAAGCTTGTTTTTATCTTTGC","ATTCAATTTTTCCTGAGTTTGTTT","CTYZ_00001759",0.89,0.86,0.03,TRUE
"555",2,"GCTAAGCTTGTTTTTATCTTTGC","TCTGATTCAATTTTTCCTGAGTTT","CTYZ_00001759",0.89,0.95,0.06,TRUE
"556",3,"GCTAAGCTTGTTTTTATCTTTGC","GATTCAATTTTTCCTGAGTTTGTT","CTYZ_00001759",0.89,0.93,0.04,TRUE
"557",4,"GCTAAGCTTGTTTTTATCTTTGC","TCTGATTCAATTTTTCCTGAGTT","CTYZ_00001759",0.89,0.91,0.02,TRUE
"558",5,"GCTAAGCTTGTTTTTATCTTTGC","CTGAGTTTGTTTGATCGATCTT","CTYZ_00001759",0.89,0.9,0.01,TRUE
"559",9,"GCTAAGCTTGTTTTTATCTTTGC","CAATTTTTCCTGAGTTTGTTTGAT","CTYZ_00001759",0.89,0.86,0.03,TRUE
"560",1,"AGRRAAGAGGAGGAAAGAAGA","RATGGYTGTGATGGCTGT","CTYZ_00002705",0.27,0.24,0.03,TRUE
"561",2,"AGRRAAGAGGAGGAAAGAAGA","TGTRATGGYTGTGATGGCT","CTYZ_00002705",0.27,0.24,0.03,TRUE
"562",7,"AGRRAAGAGGAGGAAAGAAGA","GTRATGGYTGTGATGGCTG","CTYZ_00002705",0.27,0.2,0.07,TRUE
"563",10,"AGRRAAGAGGAGGAAAGAAGA","GGTTGARATGGYTGTGATGG","CTYZ_00002705",0.27,0.23,0.04,TRUE
"567",3,"CGTCTAGACTATCAAAACCAC","ATGCTCCTGTTGATCCAG","CTYZ_00003628",0.69,0.73,0.04,TRUE
"568",6,"CGTCTAGACTATCAAAACCAC","TGATGCTCCTGTTGATCC","CTYZ_00003628",0.69,0.72,0.03,TRUE
"578",1,"CCCATTTGAAGAGATTTATTTAACAA","CTTCCTTAAATTATTCAACTCCTCT","CTYZ_00000576",0.81,0.84,0.03,TRUE
"579",2,"CCCATTTGAAGAGATTTATTTAACAA","TTTTTCTTCTTTTCTTCCTTCCT","CTYZ_00000576",0.81,0.78,0.03,TRUE
"580",3,"CCCATTTGAAGAGATTTATTTAACAA","TCTTTTCTTCCTTCCTTAAATTATTC","CTYZ_00000576",0.81,0.84,0.03,TRUE
"581",4,"CCCATTTGAAGAGATTTATTTAACAA","TTCTTCTTTTCTTCCTTCCTTAAA","CTYZ_00000576",0.81,0.77,0.04,TRUE
"582",5,"CCCATTTGAAGAGATTTATTTAACAA","TGCCCTAATAATTCTGAATATCCT","CTYZ_00000576",0.81,0.88,0.07,TRUE
"583",6,"CCCATTTGAAGAGATTTATTTAACAA","TTTTTCTCTTCAGGGGTTTTG","CTYZ_00000576",0.81,0.79,0.02,TRUE
"584",8,"CCCATTTGAAGAGATTTATTTAACAA","CCTTCCTTAAATTATTCAACTCCT","CTYZ_00000576",0.81,0.81,0,TRUE
"585",9,"CCCATTTGAAGAGATTTATTTAACAA","TCTTCTTTTCTTCCTTCCTTAAAT","CTYZ_00000576",0.81,0.81,0,TRUE
"618",1,"TGGGTGGATTTGTAGCAA","AGTTGGTACATCGACTTTACT","CTYZ_00000066",0.71,0.74,0.03,TRUE
"619",3,"TGGGTGGATTTGTAGCAA","ATTAATTCCCAAAAATAGTTGTAGAG","CTYZ_00000066",0.71,0.74,0.03,TRUE
"620",4,"TGGGTGGATTTGTAGCAA","CCAAAAATAGTTGTAGAGATGTTAAA","CTYZ_00000066",0.71,0.75,0.04,TRUE
"621",6,"TGGGTGGATTTGTAGCAA","ATTCCCAAAAATAGTTGTAGAGAT","CTYZ_00000066",0.71,0.73,0.02,TRUE
"622",8,"TGGGTGGATTTGTAGCAA","TCCCAAAAATAGTTGTAGAGATG","CTYZ_00000066",0.71,0.8,0.09,TRUE
"623",9,"CCAACTCTTTTTTTCTGGGG","AGATGTACTTGTTGAACATGTAT","CTYZ_00000066",0.81,0.75,0.06,TRUE
"624",10,"CCAACTCTTTTTTTCTGGGG","CTAATTGATGGAAGTGATCTCTT","CTYZ_00000066",0.81,0.81,0,TRUE
"653",5,"GYAGAAACAATAGCAGAAACAATA","CTACTTCTAGTTCTACTTAAACTTCT","CTYZ_00002602",0.56,0.63,0.07,TRUE
"654",6,"GYAGAAACAATAGCAGAAACAATA","CTCGCACCTTTGTCTCT","CTYZ_00002602",0.56,0.65,0.09,TRUE
"655",7,"GYAGAAACAATAGCAGAAACAATA","TGCTACTTCCCCTAGTAGT","CTYZ_00002602",0.56,0.64,0.08,TRUE
"670",5,"GGAGGAGGAGAAGGAGGA","GCAAACATCCTGAAATTCACTATATA","CTYZ_00002133",0.95,0.97,0.02,TRUE
"671",1,"TCTCAGAATTTTAATAGGAAAAAACA","AGCAACCCGAACATTTTTT","CTYZ_00003168",0.77,0.84,0.07,TRUE
"672",5,"TCTCAGAATTTTAATAGGAAAAAACA","CTCTCCATTTTCAATAATAGTTGTT","CTYZ_00003168",0.77,0.79,0.02,TRUE
"673",6,"TCTCAGAATTTTAATAGGAAAAAACA","TTGTTGAAGAGGGGTCATT","CTYZ_00003168",0.77,0.84,0.07,TRUE
"674",8,"TCTCAGAATTTTAATAGGAAAAAACA","ATTAAAGCAACCCGAACATT","CTYZ_00003168",0.77,0.83,0.06,TRUE
"675",9,"TCTCAGAATTTTAATAGGAAAAAACA","TCTCTCCATTTTCAATAATAGTTGT","CTYZ_00003168",0.77,0.84,0.07,TRUE
"676",10,"TCTCAGAATTTTAATAGGAAAAAACA","AATAGTTGTTGAAGAGGGGT","CTYZ_00003168",0.77,0.84,0.07,TRUE
"684",3,"ATTGTTTTACTTTACACCAATACG","TCAAAAGTGTGCAAGTTCTAG","CTYZ_00002693",0.75,0.81,0.06,TRUE
"685",4,"ATTGTTTTACTTTACACCAATACG","ATACCTTTTTCTAAAGCTGGAG","CTYZ_00002693",0.75,0.77,0.02,TRUE
"686",6,"ATTGTTTTACTTTACACCAATACG","TTGTTATAATCCTCCTTCAAAAGT","CTYZ_00002693",0.75,0.75,0,TRUE
"687",9,"ATTGTTTTACTTTACACCAATACG","ATTTGTTATAATCCTCCTTCAAAAG","CTYZ_00002693",0.75,0.69,0.06,TRUE
"688",1,"AAAATAATCCTGAACAGAAAAAAGA","ATTTCTCTCTTATTAGTCCATCTTT","CTYZ_00000994",0.85,0.78,0.07,TRUE
"689",3,"AAAATAATCCTGAACAGAAAAAAGA","TCTGAGCAGAATTTCTCTCTT","CTYZ_00000994",0.85,0.87,0.02,TRUE
"690",4,"AAAATAATCCTGAACAGAAAAAAGA","AATTTCTCTCTTATTAGTCCATCTT","CTYZ_00000994",0.85,0.87,0.02,TRUE
"691",5,"AAAATAATCCTGAACAGAAAAAAGA","CTGAGCAGAATTTCTCTCTTATT","CTYZ_00000994",0.85,0.8,0.05,TRUE
"692",8,"AAAATAATCCTGAACAGAAAAAAGA","CGCATCTGAGCAGAATTTCT","CTYZ_00000994",0.85,0.92,0.07,TRUE
"693",9,"AAAATAATCCTGAACAGAAAAAAGA","GCCAATGTTGCAGGTCT","CTYZ_00000994",0.85,0.84,0.01,TRUE
"694",10,"AAAATAATCCTGAACAGAAAAAAGA","GCATCTGAGCAGAATTTCTCT","CTYZ_00000994",0.85,0.91,0.06,TRUE
"699",1,"CAGCCAGACTAAATTTCAATCA","ATTTGTTCTGAGACCTAAATTTTTAT","CTYZ_00002891",0.8,0.79,0.01,TRUE
"700",2,"CAGCCAGACTAAATTTCAATCA","CTGAATTTTCTGACTTCTATTTTCAA","CTYZ_00002891",0.8,0.82,0.02,TRUE
"701",4,"CAGCCAGACTAAATTTCAATCA","TTCATTTGTTCTGAGACCTAAAT","CTYZ_00002891",0.8,0.72,0.08,TRUE
"702",7,"CAGCCAGACTAAATTTCAATCA","GCAATCCAAAAACATGGTCA","CTYZ_00002891",0.8,0.8,0,TRUE
"703",8,"CAGCCAGACTAAATTTCAATCA","GGTCATCGCACTTGCTAAT","CTYZ_00002891",0.8,0.88,0.08,TRUE
"704",10,"CAGCCAGACTAAATTTCAATCA","ACTTGCTAATTCATTTGTTCTGA","CTYZ_00002891",0.8,0.88,0.08,TRUE
"713",2,"ACTGGAAATGGATCTAAAAAACC","AACTGGTAAGTGAGGCTTT","CTYZ_00000583",0.87,0.85,0.02,TRUE
"714",3,"ACTGGAAATGGATCTAAAAAACC","CAACTGGTAAGTGAGGCTT","CTYZ_00000583",0.87,0.86,0.01,TRUE
"715",9,"ACTGGAAATGGATCTAAAAAACC","TTACTTTCTTAATCTAAAACCAACTG","CTYZ_00000583",0.87,0.81,0.06,TRUE
"732",1,"GAAGAGAGTCGGAGCAG","TGTCTCATTCCTAGTTGTATAATTAT","CTYZ_00000579",0.75,0.79,0.04,TRUE
"733",2,"GAAGAGAGTCGGAGCAG","ATGTCTCATTCCTAGTTGTATAATT","CTYZ_00000579",0.75,0.81,0.06,TRUE
"734",4,"GAAGAGAGTCGGAGCAG","TTCCTAGTTGTATAATTATCAAAAGC","CTYZ_00000579",0.75,0.72,0.03,TRUE
"735",7,"GCAAAACAGCAGAATATAATGAA","CCTGAATAATCTTTCTTTCAAGATT","CTYZ_00000579",0.71,0.74,0.03,TRUE
"736",2,"ATGATCAAATTGATAACTTAATGGAA","ACATTTTTCTCAGGTTCAACA","CTYZ_00000990",0.62,0.7,0.08,TRUE
"737",6,"ATGATCAAATTGATAACTTAATGGAA","CAACATAAATTTCGGTGTATGG","CTYZ_00000990",0.62,0.7,0.08,TRUE
"738",10,"ATGATCAAATTGATAACTTAATGGAA","AGACTTAGGTACATTTTTCTCAG","CTYZ_00000990",0.62,0.65,0.03,TRUE
"739",7,"YATATATATCTCAAGTAGAACCTTCA","TYTGTGAAAGACTCGGATCT","CTYZ_00002118",0.53,0.49,0.04,TRUE
"740",8,"YATATATATCTCAAGTAGAACCTTCA","YTGTGAAAGACTCGGATCT","CTYZ_00002118",0.53,0.49,0.04,TRUE
"781",1,"AATACCAACTCAACCAGCA","ACTTCCTTCAAAATCACATCTC","CTYZ_00003985",0.87,0.83,0.04,TRUE
"782",2,"AATACCAACTCAACCAGCA","CACATCTCAAAATTACTGATAAATCC","CTYZ_00003985",0.87,0.86,0.01,TRUE
"783",3,"AATACCAACTCAACCAGCA","GATTTTAATTTCTCTGTCAAAGTTTG","CTYZ_00003985",0.87,0.8,0.07,TRUE
"784",4,"AATACCAACTCAACCAGCA","AACTCCTTGAATTGTTACATCTAT","CTYZ_00003985",0.87,0.89,0.02,TRUE
"785",5,"AATACCAACTCAACCAGCA","TTAATTTCTCTGTCAAAGTTTGAATA","CTYZ_00003985",0.87,0.85,0.02,TRUE
"786",6,"AATACCAACTCAACCAGCA","TCTGTCAAAGTTTGAATACTTCC","CTYZ_00003985",0.87,0.83,0.04,TRUE
"787",7,"AATACCAACTCAACCAGCA","AAATTATTCAAAATTTCAGATTCTGC","CTYZ_00003985",0.87,0.81,0.06,TRUE
"788",9,"AATACCAACTCAACCAGCA","ACATTGATTTTAATTTCTCTGTCAAA","CTYZ_00003985",0.87,0.8,0.07,TRUE
"789",10,"AATACCAACTCAACCAGCA","CATCTCAAAATTACTGATAAATCCAA","CTYZ_00003985",0.87,0.78,0.09,TRUE
"790",2,"AAAAGTGTCACAGTTTGGTATT","CATAAACGAATGAAGAAACTAATCC","CTYZ_00000074",0.92,0.84,0.08,TRUE
"791",4,"AAAAGTGTCACAGTTTGGTATT","CGGAGTCAAAATAGAAAAGTCTT","CTYZ_00000074",0.92,0.89,0.03,TRUE
"792",7,"AAAAGTGTCACAGTTTGGTATT","CAATTCTGATCCTCTTGTAGTTG","CTYZ_00000074",0.92,0.85,0.07,TRUE
"793",1,"TTTTATTTATTTTGGAAGTCTTGCTA","AGATTCATTTTTTTGTCCGTTTTT","CTYZ_00001064",0.86,0.91,0.05,TRUE
"794",2,"TTTTATTTATTTTGGAAGTCTTGCTA","CCCAATACAACCTCCTGTC","CTYZ_00001064",0.86,0.85,0.01,TRUE
"795",3,"TTTTATTTATTTTGGAAGTCTTGCTA","ACAACCTCCTGTCATAAAGC","CTYZ_00001064",0.86,0.85,0.01,TRUE
"796",5,"TTTTATTTATTTTGGAAGTCTTGCTA","AGATTCATTTTTTTGTCCGTTTTTA","CTYZ_00001064",0.86,0.93,0.07,TRUE
"797",7,"TTTTATTTATTTTGGAAGTCTTGCTA","AGATTCATTTTTTTGTCCGTTTT","CTYZ_00001064",0.86,0.85,0.01,TRUE
"798",8,"CAGGAGGTTGTATTGGGTTA","GGTTGATTGAATTTGGTAGTTTAAAG","CTYZ_00001064",0.91,0.93,0.02,TRUE
"799",10,"CAGGAGGTTGTATTGGGTTA","AACTGGTTGATTGAATTTGGTA","CTYZ_00001064",0.91,0.94,0.03,TRUE
"803",1,"CTTGCTCTAAATCAGATAAAACAAA","TTGGATAACGATTCACAATTACA","CTYZ_00001745",0.75,0.78,0.03,TRUE
"804",3,"CTTGCTCTAAATCAGATAAAACAAA","ATCTCCTTGGATAACGATTCA","CTYZ_00001745",0.75,0.75,0,TRUE
"805",4,"CTTGCTCTAAATCAGATAAAACAAA","CTGGTGTCAGTTCTTCTTCA","CTYZ_00001745",0.75,0.81,0.06,TRUE
"806",6,"CTTGCTCTAAATCAGATAAAACAAA","TTATGAGTTGCTGGTGTCA","CTYZ_00001745",0.75,0.8,0.05,TRUE
"807",7,"CTTGCTCTAAATCAGATAAAACAAA","AAATACCTGAGTTATCTTTGCC","CTYZ_00001745",0.75,0.84,0.09,TRUE
"808",9,"CTTGCTCTAAATCAGATAAAACAAA","ACATTACTACAATTACATCCAGAG","CTYZ_00001745",0.75,0.72,0.03,TRUE
"809",10,"CTTGCTCTAAATCAGATAAAACAAA","ATAACGATTCACAATTACAGTTATG","CTYZ_00001745",0.75,0.81,0.06,TRUE
"818",2,"AGCATCATCAAAACAACTATTATC","CCAATAAAAATTCCATCTCAATTCT","CTYZ_00000245",0.76,0.78,0.02,TRUE
"819",3,"AGCATCATCAAAACAACTATTATC","ACACCAATAAAAATTCCATCTCA","CTYZ_00000245",0.76,0.79,0.03,TRUE
"820",4,"AGCATCATCAAAACAACTATTATC","CAATAAAATGAATGTATCTCATACCG","CTYZ_00000245",0.76,0.81,0.05,TRUE
"821",6,"AGCATCATCAAAACAACTATTATC","TTATACACCAATAAAAATTCCATCTC","CTYZ_00000245",0.76,0.85,0.09,TRUE
"822",8,"TCATATTGGACATTATTCTGGTATT","TTAGATTCGGTAATGCAGGA","CTYZ_00000245",0.9,0.83,0.07,TRUE
"823",10,"TCATATTGGACATTATTCTGGTATT","CCATTGAAGTAATAAAAGGAATTGTA","CTYZ_00000245",0.9,0.88,0.02,TRUE
"830",2,"GGCGGAGGTAAAAGAGG","GGAGTGGAAGTAGATGAAAAC","CTYZ_00002130",0.77,0.72,0.05,TRUE
"831",4,"GGCGGAGGTAAAAGAGG","AGATGAAAGAAGTGAAGGTCT","CTYZ_00002130",0.77,0.76,0.01,TRUE
"832",5,"GGCGGAGGTAAAAGAGG","TGAAACTGACAAATTAACTGGA","CTYZ_00002130",0.77,0.78,0.01,TRUE
"833",7,"GGCGGAGGTAAAAGAGG","TGTAGAAGACTGACGAGATG","CTYZ_00002130",0.77,0.7,0.07,TRUE
"834",9,"GGCGGAGGTAAAAGAGG","CTTGTAGAAGACTGACGAGA","CTYZ_00002130",0.77,0.76,0.01,TRUE
"858",1,"GCTCTGGTGGAAATGGTA","CCCCTACCTGTGAGTCTT","CTYZ_00002136",0.87,0.9,0.03,TRUE
"859",2,"GCTCTGGTGGAAATGGTA","CTAATCCTCCCCTACCTGT","CTYZ_00002136",0.87,0.81,0.06,TRUE
"860",1,"GATACTGAGAGGATTATTGGATC","ACCAAATGAAAATTCGGAAGG","CTYZ_00002642",0.77,0.81,0.04,TRUE
"861",3,"GATACTGAGAGGATTATTGGATC","GGAACTATCATTAACAACTGGC","CTYZ_00002642",0.77,0.85,0.08,TRUE
"862",4,"GATACTGAGAGGATTATTGGATC","TGAAAATTCGGAAGGAACTATC","CTYZ_00002642",0.77,0.71,0.06,TRUE
"863",5,"GATACTGAGAGGATTATTGGATC","AATGAAAATTCGGAAGGAACTAT","CTYZ_00002642",0.77,0.86,0.09,TRUE
"864",6,"GATACTGAGAGGATTATTGGATC","AAATTCGGAAGGAACTATCATTAA","CTYZ_00002642",0.77,0.83,0.06,TRUE
"865",9,"GATACTGAGAGGATTATTGGATC","GGCTATCATTTAATTCAGTACTTTC","CTYZ_00002642",0.77,0.83,0.06,TRUE
"866",10,"GATACTGAGAGGATTATTGGATC","GAAAATTCGGAAGGAACTATCA","CTYZ_00002642",0.77,0.71,0.06,TRUE
"867",1,"TTGATGATAATGTTTCAGATGAAAAT","GTGTAATGGTGAATCTCCAAA","CTYZ_00003564",0.68,0.69,0.01,TRUE
"868",7,"TTGATGATAATGTTTCAGATGAAAAT","TGCCCAGTGTAATGGTG","CTYZ_00003564",0.68,0.7,0.02,TRUE
"869",9,"TTGATGATAATGTTTCAGATGAAAAT","TGGTGAATCTCCAAATTCTTC","CTYZ_00003564",0.68,0.75,0.07,TRUE
"870",3,"GCAACAARCCCAACAACAA","TTGTAGTTAGTTCAGTAGAAACTG","CTYZ_00002187",0.5,0.59,0.09,TRUE
"882",2,"GCTTCCATTTGCGGTCT","GATTTGAAGATGGTTTTTCAACA","CTYZ_00003061",0.82,0.75,0.07,TRUE
"883",6,"GCTTCCATTTGCGGTCT","CGAGACTGGTTGAAACAGA","CTYZ_00003061",0.82,0.85,0.03,TRUE
"884",7,"GCTTCCATTTGCGGTCT","TGAAGATGGTTTTTCAACAGTAC","CTYZ_00003061",0.82,0.84,0.02,TRUE
"885",8,"GCTTCCATTTGCGGTCT","CGACTTGTACTCATATTAATCAAGG","CTYZ_00003061",0.82,0.91,0.09,TRUE
