"","X","pair","forward_primer","reverse_primer","GeneID","Fwd_Eff","Rev_Eff","deltaEff","Vis_PASS_Fwd","Vis_PASS_Rev","X.1"
"1",1,2,"GCATTATGAGCAAGAAACGATC","CAATCCTGATATTAGTCCTAATGTT","CTYZ_00002277",0.96,0.88,0.08,TRUE,TRUE,NA
"2",2,1,"AAGGAGATCAGACTAAAACTGA","ACTTTCACAATCACCATCATTT","CTYZ_00000582",0.88,0.88,0,TRUE,TRUE,NA
"3",3,2,"AAGGAGATCAGACTAAAACTGA","ACTTTCACAATCACCATCATT","CTYZ_00000582",0.88,0.8,0.08,TRUE,TRUE,NA
"4",4,5,"AAGGAGATCAGACTAAAACTGA","TTCACAATCACCATCATTTCC","CTYZ_00000582",0.88,0.8,0.08,TRUE,TRUE,NA
"5",5,6,"AAGGAGATCAGACTAAAACTGA","CACAATCACCATCATTTCCC","CTYZ_00000582",0.88,0.82,0.06,TRUE,TRUE,NA
"6",6,1,"CGATTTCATGTTAAGTAATGGAGT","CCAATAATTGTTCTAATTTCTCGTT","CTYZ_00002887",0.88,0.86,0.02,TRUE,TRUE,NA
"7",7,4,"CGATTTCATGTTAAGTAATGGAGT","GCCAATAATTGTTCTAATTTCTCGT","CTYZ_00002887",0.88,0.95,0.07,TRUE,TRUE,NA
"8",8,5,"CGATTTCATGTTAAGTAATGGAGT","ACAACTAAAAATTTCCGCCAA","CTYZ_00002887",0.88,0.84,0.04,TRUE,TRUE,NA
"9",9,7,"CGATTTCATGTTAAGTAATGGAGT","GCCAATAATTGTTCTAATTTCTCG","CTYZ_00002887",0.88,0.83,0.05,TRUE,TRUE,NA
"10",10,8,"CGATTTCATGTTAAGTAATGGAGT","CAACTAAAAATTTCCGCCAATAA","CTYZ_00002887",0.88,0.84,0.04,TRUE,TRUE,NA
"11",11,9,"CGATTTCATGTTAAGTAATGGAGT","CGCCAATAATTGTTCTAATTTCTC","CTYZ_00002887",0.88,0.87,0.01,TRUE,TRUE,NA
"12",12,10,"CGATTTCATGTTAAGTAATGGAGT","TCCGCCAATAATTGTTCTAATT","CTYZ_00002887",0.88,0.89,0.01,TRUE,TRUE,NA
"13",13,4,"AGAGTTGGTTTAACAGAAAAATATG","TCCTAACTTTTCAACCGAGT","CTYZ_00001733",0.73,0.82,0.09,TRUE,TRUE,NA
"14",14,5,"CTCAATTTGATGGAATTGGGT","TCCTAATTTGTCTGTATTTTTCCT","CTYZ_00002883",0.75,0.83,0.08,TRUE,TRUE,NA
"15",15,7,"CTCAATTTGATGGAATTGGGT","CTCTCCTAATTTGTCTGTATTTTTC","CTYZ_00002883",0.75,0.81,0.06,TRUE,TRUE,NA
"16",16,3,"TTGTTTCTTATCTGCTATAAAAATGT","ACAAATTCAACAGTCAAACTTTT","CTYZ_00002882",0.72,0.8,0.08,TRUE,TRUE,NA
"17",17,9,"TTGTTTCTTATCTGCTATAAAAATGT","ATTCAACAGTCAAACTTTTAATCTT","CTYZ_00002882",0.72,0.81,0.09,TRUE,TRUE,NA
"18",18,2,"CAAGAACATTTGAGACCTTCTC","TCTGCTACATATCCGAGCT","CTYZ_00003986",0.86,0.88,0.02,TRUE,TRUE,NA
"19",19,3,"CAAGAACATTTGAGACCTTCTC","GCTACATATCCGAGCTGC","CTYZ_00003986",0.86,0.85,0.01,TRUE,TRUE,NA
"20",20,4,"CAAGAACATTTGAGACCTTCTC","TCCAGAGACATGATCAACAATA","CTYZ_00003986",0.86,0.94,0.08,TRUE,TRUE,NA
"21",21,6,"CAAGAACATTTGAGACCTTCTC","GCTTCTGCTACATATCCGAG","CTYZ_00003986",0.86,0.87,0.01,TRUE,TRUE,NA
"22",22,7,"CAAGAACATTTGAGACCTTCTC","TGTGGCTATAGGAAGCAATA","CTYZ_00003986",0.86,0.81,0.05,TRUE,TRUE,NA
"23",23,9,"CAAGAACATTTGAGACCTTCTC","ACATTGTGGCTATAGGAAGC","CTYZ_00003986",0.86,0.86,0,TRUE,TRUE,NA
"24",24,1,"GAAGCTTCAGGGAAAAAACA","CTTGAACTACTTTTTTGCACTTT","CTYZ_00000013",0.82,0.87,0.05,TRUE,TRUE,NA
"25",25,5,"GAAGCTTCAGGGAAAAAACA","GATTTGCTTCCATCATTAACTATATT","CTYZ_00000013",0.82,0.91,0.09,TRUE,TRUE,NA
"26",26,6,"GAAGCTTCAGGGAAAAAACA","TCCTATACATACAAGCCTAGATT","CTYZ_00000013",0.82,0.89,0.07,TRUE,TRUE,NA
"27",27,10,"GAAGCTTCAGGGAAAAAACA","AGATTTGCTTCCATCATTAACTAT","CTYZ_00000013",0.82,0.85,0.03,TRUE,TRUE,NA
"28",28,1,"TCTATTCAGGCTATTGAAAAACTT","TTCTCCGAGTCCTTTTGATT","CTYZ_00001648",0.91,0.83,0.08,TRUE,TRUE,NA
"29",29,3,"TCTATTCAGGCTATTGAAAAACTT","CCGAGTCCTTTTGATTGGAT","CTYZ_00001648",0.91,0.88,0.03,TRUE,TRUE,NA
"30",30,4,"TCTATTCAGGCTATTGAAAAACTT","TCTCCGAGTCCTTTTGATTG","CTYZ_00001648",0.91,0.87,0.04,TRUE,TRUE,NA
"31",31,5,"TCTATTCAGGCTATTGAAAAACTT","TCCGAGTCCTTTTGATTGG","CTYZ_00001648",0.91,0.88,0.03,TRUE,TRUE,NA
"32",32,6,"TCTATTCAGGCTATTGAAAAACTT","CGAGTCCTTTTGATTGGATAAAG","CTYZ_00001648",0.91,0.9,0.01,TRUE,TRUE,NA
"33",33,7,"TCTATTCAGGCTATTGAAAAACTT","CCGAGTCCTTTTGATTGGATA","CTYZ_00001648",0.91,0.95,0.04,TRUE,TRUE,NA
"34",34,8,"TCTATTCAGGCTATTGAAAAACTT","CCGAGTCCTTTTGATTGGA","CTYZ_00001648",0.91,0.87,0.04,TRUE,TRUE,NA
"35",35,9,"TCTATTCAGGCTATTGAAAAACTT","GAGTCCTTTTGATTGGATAAAGA","CTYZ_00001648",0.91,0.87,0.04,TRUE,TRUE,NA
"36",36,2,"CCTATGGCATTGGTAAAAGAAG","TTTGAAGAATTTCCTTTGTTTCTT","CTYZ_00002204",0.87,0.8,0.07,TRUE,TRUE,NA
"37",37,3,"CCTATGGCATTGGTAAAAGAAG","GATGGAATAATTTGAAGAATTTCCTT","CTYZ_00002204",0.87,0.92,0.05,TRUE,TRUE,NA
"38",38,4,"CCTATGGCATTGGTAAAAGAAG","ACTTTGATGGAATAATTTGAAGAATT","CTYZ_00002204",0.87,0.87,0,TRUE,TRUE,NA
"39",39,5,"CCTATGGCATTGGTAAAAGAAG","GGAATAATTTGAAGAATTTCCTTTGT","CTYZ_00002204",0.87,0.86,0.01,TRUE,TRUE,NA
"40",40,6,"CCTATGGCATTGGTAAAAGAAG","AATTTGAAGAATTTCCTTTGTTTCT","CTYZ_00002204",0.87,0.87,0,TRUE,TRUE,NA
"41",41,8,"CCTATGGCATTGGTAAAAGAAG","CTTCTTTAAGTGCTTTGATAATCAAT","CTYZ_00002204",0.87,0.83,0.04,TRUE,TRUE,NA
"42",42,9,"CCTATGGCATTGGTAAAAGAAG","TGGAATAATTTGAAGAATTTCCTTTG","CTYZ_00002204",0.87,0.86,0.01,TRUE,TRUE,NA
"43",43,3,"TCCGAAATAACTTTTAGAAATTCTC","CTGCTTATAATATCATCATCCTTCT","CTYZ_00003005",0.8,0.8,0,TRUE,TRUE,NA
"44",44,4,"TCCGAAATAACTTTTAGAAATTCTC","ACTTCTTAAAATTAATGACGTCCT","CTYZ_00003005",0.8,0.81,0.01,TRUE,TRUE,NA
"45",45,6,"TCCGAAATAACTTTTAGAAATTCTC","CGTCCTTCCACTGCTTAT","CTYZ_00003005",0.8,0.83,0.03,TRUE,TRUE,NA
"46",46,3,"GTTTATCTCCCGAAGAATTTCTT","AGAGGTTTTGGAATACTTTTTAACT","CTYZ_00002890",0.87,0.86,0.01,TRUE,TRUE,NA
"47",47,4,"GTTTATCTCCCGAAGAATTTCTT","CCAGAGGTTTTGGAATACTTTT","CTYZ_00002890",0.87,0.87,0,TRUE,TRUE,NA
"48",48,5,"GTTTATCTCCCGAAGAATTTCTT","CTCAGTTCTAGTAAATAAAGGACG","CTYZ_00002890",0.87,0.84,0.03,TRUE,TRUE,NA
"49",49,9,"GTTTATCTCCCGAAGAATTTCTT","ACCAGAGGTTTTGGAATACTT","CTYZ_00002890",0.87,0.85,0.02,TRUE,TRUE,NA
"50",50,10,"GTTTATCTCCCGAAGAATTTCTT","TCAGTAAAGACTCAGTTCTAGTAAA","CTYZ_00002890",0.87,0.87,0,TRUE,TRUE,NA
"51",51,1,"TCAGAAAGTTTATTGACAAACAATT","TCACCTTGTCAATACACTCC","CTYZ_00001007",0.83,0.86,0.03,TRUE,TRUE,NA
"52",52,1,"TTCAGCTTCTTCCAAAAATGA","GTAGTTTTGGTCTCTTTAGTAGTT","CTYZ_00002278",0.78,0.84,0.06,TRUE,TRUE,NA
"53",53,4,"TTCAGCTTCTTCCAAAAATGA","GTTGTGGTAGTAGTATCACGT","CTYZ_00002278",0.78,0.83,0.05,TRUE,TRUE,NA
"54",54,5,"TTCAGCTTCTTCCAAAAATGA","GTCTCTTTAGTAGTTGTGGTAGT","CTYZ_00002278",0.78,0.84,0.06,TRUE,TRUE,NA
"55",55,6,"TTCAGCTTCTTCCAAAAATGA","AGTAGTTTTGGTCTCTTTAGTAGT","CTYZ_00002278",0.78,0.82,0.04,TRUE,TRUE,NA
"56",56,2,"GACTCATTAATACTCGTCAATTCT","ACTTTTGTAAACCAAACCAACTA","CTYZ_00001679",0.85,0.91,0.06,TRUE,TRUE,NA
"57",57,3,"GACTCATTAATACTCGTCAATTCT","CTTTGACTTTGAGATAACTTTTGTAA","CTYZ_00001679",0.85,0.83,0.02,TRUE,TRUE,NA
"58",58,4,"GACTCATTAATACTCGTCAATTCT","TGTAAACCAAACCAACTAAAATTAAG","CTYZ_00001679",0.85,0.87,0.02,TRUE,TRUE,NA
"59",59,6,"GACTCATTAATACTCGTCAATTCT","AGATAACTTTTGTAAACCAAACCA","CTYZ_00001679",0.85,0.82,0.03,TRUE,TRUE,NA
"60",60,1,"AGAGAAGATCATGAAGAAAATGTC","AACAACAACAGTACCGTTTT","CTYZ_00002872",0.88,0.86,0.02,TRUE,TRUE,NA
"61",61,2,"AGAGAAGATCATGAAGAAAATGTC","CAACAACAACAGTACCGTTT","CTYZ_00002872",0.88,0.85,0.03,TRUE,TRUE,NA
"62",62,4,"AGAGAAGATCATGAAGAAAATGTC","CGAGGTACTCAGCCAGTT","CTYZ_00002872",0.88,0.88,0,TRUE,TRUE,NA
"63",63,5,"AGAGAAGATCATGAAGAAAATGTC","CCTGATGATTGATCCTTGGATT","CTYZ_00002872",0.88,0.93,0.05,TRUE,TRUE,NA
"64",64,7,"AGAGAAGATCATGAAGAAAATGTC","GCAACAACAACAGTACCGT","CTYZ_00002872",0.88,0.91,0.03,TRUE,TRUE,NA
"65",65,2,"TTGCTGAGAGAACTTTGGTA","CTACGAAACTCTGATATTACGTT","CTYZ_00003311",0.88,0.81,0.07,TRUE,TRUE,NA
"66",66,3,"TTGCTGAGAGAACTTTGGTA","CTCTGATATTACGTTCAAACCTT","CTYZ_00003311",0.88,0.88,0,TRUE,TRUE,NA
"67",67,7,"TTGCTGAGAGAACTTTGGTA","GAAACTCTGATATTACGTTCAAAC","CTYZ_00003311",0.88,0.82,0.06,TRUE,TRUE,NA
"68",68,7,"CTGTAACTACAATAAATGAACAAGTA","CCTTTTGCCTCTACTAGATGT","CTYZ_00003477",0.81,0.81,0,TRUE,TRUE,NA
"69",69,8,"CTGTAACTACAATAAATGAACAAGTA","TGATTCTTTTTCACTTTCATCGT","CTYZ_00003477",0.81,0.86,0.05,TRUE,TRUE,NA
"70",70,10,"CTGTAACTACAATAAATGAACAAGTA","TCTTTTTTATACCTTTTGCCTCT","CTYZ_00003477",0.81,0.83,0.02,TRUE,TRUE,NA
"71",71,5,"TGAGAATAATTCATCTGGGAAATATT","AGAAGCACTAAGAGTTGAATGA","CTYZ_00002889",0.91,0.88,0.03,TRUE,TRUE,NA
"72",72,7,"TGAGAATAATTCATCTGGGAAATATT","AAGTTGCTGTAATATTCTTGGTA","CTYZ_00002889",0.91,0.92,0.01,TRUE,TRUE,NA
"73",73,8,"TGAGAATAATTCATCTGGGAAATATT","TGCTGTAATATTCTTGGTAGAATTT","CTYZ_00002889",0.91,0.83,0.08,TRUE,TRUE,NA
"74",74,2,"CCAAGGAGTATATTCAATGGTT","TCTCTGATTCAAAAAATTGGTTTG","CTYZ_00001742",0.8,0.84,0.04,TRUE,TRUE,NA
"75",75,7,"TGCTCTTGAAGAATTTGGATT","AGTAATAATTACACTTAATGCAGGA","CTYZ_00001848",0.79,0.83,0.04,TRUE,TRUE,NA
"76",76,8,"TGCTCTTGAAGAATTTGGATT","AGGATATTTCTCTTTGACCAGA","CTYZ_00001848",0.79,0.82,0.03,TRUE,TRUE,NA
"77",77,9,"TGCTCTTGAAGAATTTGGATT","TCTCTTTGACCAGAATGCAT","CTYZ_00001848",0.79,0.86,0.07,TRUE,TRUE,NA
"78",78,2,"AGAAATTATTATCAAGGGAAATCTCA","AGGGATAAGCAATGCTGTT","CTYZ_00002912",0.8,0.81,0.01,TRUE,TRUE,NA
"79",79,7,"AGAAATTATTATCAAGGGAAATCTCA","GGGATAAGCAATGCTGTTTG","CTYZ_00002912",0.8,0.8,0,TRUE,TRUE,NA
"80",80,9,"AGAAATTATTATCAAGGGAAATCTCA","TGATTAAAAGAGTCAAGATAGCTG","CTYZ_00002912",0.8,0.81,0.01,TRUE,TRUE,NA
"81",81,2,"TGATCAAATTTTGAGTTTAAATACCC","ACAAGAAGATTTTACCTCTGATTT","CTYZ_00002283",0.82,0.87,0.05,TRUE,TRUE,NA
"82",82,4,"TGATCAAATTTTGAGTTTAAATACCC","CATCGCCCTCTTGTGTT","CTYZ_00002283",0.82,0.88,0.06,TRUE,TRUE,NA
"83",83,8,"TGATCAAATTTTGAGTTTAAATACCC","ACCTCTGATTTCTCACAATCTT","CTYZ_00002283",0.82,0.89,0.07,TRUE,TRUE,NA
"84",84,10,"TGATCAAATTTTGAGTTTAAATACCC","GCTACTAGAACAACAAGAAGATT","CTYZ_00002283",0.82,0.87,0.05,TRUE,TRUE,NA
"85",85,2,"GGGTTTATCAAAGTTGTTTTCAAT","TCTTTTAGAACTGACTCTCCTT","CTYZ_00001018",0.79,0.88,0.09,TRUE,TRUE,NA
"86",86,4,"GGGTTTATCAAAGTTGTTTTCAAT","GCTCTGACGAGTCTTTTAGAA","CTYZ_00001018",0.79,0.85,0.06,TRUE,TRUE,NA
"87",87,8,"GGGTTTATCAAAGTTGTTTTCAAT","TGACGAGTCTTTTAGAACTGA","CTYZ_00001018",0.79,0.81,0.02,TRUE,TRUE,NA
"88",88,1,"CAGTAGGATCTACATCAGGATC","CCGTTCTTCTCGAATTCAGA","CTYZ_00000537",0.85,0.9,0.05,TRUE,TRUE,NA
"89",89,2,"CAGTAGGATCTACATCAGGATC","CTTAACTGCCTTCCATTTTTTATAG","CTYZ_00000537",0.85,0.82,0.03,TRUE,TRUE,NA
"90",90,7,"CAGTAGGATCTACATCAGGATC","CCGTTCTTCTCGAATTCAGAA","CTYZ_00000537",0.85,0.92,0.07,TRUE,TRUE,NA
"91",91,8,"CAGTAGGATCTACATCAGGATC","ACTGCCTTCCATTTTTTATAGC","CTYZ_00000537",0.85,0.86,0.01,TRUE,TRUE,NA
"92",92,1,"GGAAGATTCACAATTCCAAAAAATA","TCCTTTCTCTTTTTCTGGTTTT","CTYZ_00001155",0.92,0.88,0.04,TRUE,TRUE,NA
"93",93,2,"GGAAGATTCACAATTCCAAAAAATA","CCACTTCTTTTGCTTCAATTTT","CTYZ_00001155",0.92,0.86,0.06,TRUE,TRUE,NA
"94",94,3,"GGAAGATTCACAATTCCAAAAAATA","TTCCTTTCTCTTTTTCTGGTTT","CTYZ_00001155",0.92,0.83,0.09,TRUE,TRUE,NA
"95",95,4,"GGAAGATTCACAATTCCAAAAAATA","TGCTTCAATTTTGTCATCCTTT","CTYZ_00001155",0.92,0.91,0.01,TRUE,TRUE,NA
"96",96,5,"GGAAGATTCACAATTCCAAAAAATA","GCCACTTCTTTTGCTTCAATTT","CTYZ_00001155",0.92,0.98,0.06,TRUE,TRUE,NA
"97",97,6,"GGAAGATTCACAATTCCAAAAAATA","TTTCCTTTCTCTTTTTCTGGTT","CTYZ_00001155",0.92,0.83,0.09,TRUE,TRUE,NA
"98",98,7,"GGAAGATTCACAATTCCAAAAAATA","TTCTGGTTTTCATCAATTCTCTT","CTYZ_00001155",0.92,0.87,0.05,TRUE,TRUE,NA
"99",99,8,"GGAAGATTCACAATTCCAAAAAATA","GTCATCCTTTGCCAAAATCTT","CTYZ_00001155",0.92,0.91,0.01,TRUE,TRUE,NA
"100",100,10,"GGAAGATTCACAATTCCAAAAAATA","TGCTTCAATTTTGTCATCCTT","CTYZ_00001155",0.92,0.84,0.08,TRUE,TRUE,NA
"101",101,1,"CCCAAAGTATAGATTTGTTCACG","GCCTTTTGTTCACTTATAATCTTTTC","CTYZ_00003645",0.91,0.95,0.04,TRUE,TRUE,NA
"102",102,4,"CCCAAAGTATAGATTTGTTCACG","ACTAATGATCTGATTTCTGCCT","CTYZ_00003645",0.91,0.86,0.05,TRUE,TRUE,NA
"103",103,5,"CCCAAAGTATAGATTTGTTCACG","AATGATCTGATTTCTGCCTTTT","CTYZ_00003645",0.91,0.93,0.02,TRUE,TRUE,NA
"104",104,7,"CCCAAAGTATAGATTTGTTCACG","TTTCTGCCTTTTGTTCACTTATA","CTYZ_00003645",0.91,0.91,0,TRUE,TRUE,NA
"105",105,8,"CCCAAAGTATAGATTTGTTCACG","CTAATGATCTGATTTCTGCCTT","CTYZ_00003645",0.91,0.84,0.07,TRUE,TRUE,NA
"106",106,10,"CCCAAAGTATAGATTTGTTCACG","GCCTTTTGTTCACTTATAATCTTTT","CTYZ_00003645",0.91,0.91,0,TRUE,TRUE,NA
"107",107,2,"GCGGTTCATATTCTAGTAAAAACAA","ACACTTGAAGTAGCAGCTTT","CTYZ_00001856",0.95,0.91,0.04,TRUE,TRUE,NA
"108",108,3,"GCGGTTCATATTCTAGTAAAAACAA","TCAAATATATATGTAACTTCAGGCTT","CTYZ_00001856",0.95,0.93,0.02,TRUE,TRUE,NA
"109",109,8,"GCGGTTCATATTCTAGTAAAAACAA","TGTAACTTCAGGCTTTCCATT","CTYZ_00001856",0.95,0.93,0.02,TRUE,TRUE,NA
"110",110,5,"CCTATTCAAATGATCCAGCCT","TCAAAATATGATCCTCGGAATTTA","CTYZ_00001108",0.9,0.91,0.01,TRUE,TRUE,NA
"111",111,7,"CCTATTCAAATGATCCAGCCT","AAATATGATCCTCGGAATTTAGTAT","CTYZ_00001108",0.9,0.89,0.01,TRUE,TRUE,NA
"112",112,8,"CCTATTCAAATGATCCAGCCT","TGTCAAAATATGATCCTCGGA","CTYZ_00001108",0.9,0.83,0.07,TRUE,TRUE,NA
"113",113,9,"CCTATTCAAATGATCCAGCCT","ACAAGTTGAGATTTTTCCATGG","CTYZ_00001108",0.9,0.87,0.03,TRUE,TRUE,NA
"114",114,10,"CCTATTCAAATGATCCAGCCT","GTTTTCTGTTAATGTTAGTGATTGA","CTYZ_00001108",0.9,0.83,0.07,TRUE,TRUE,NA
"115",1,5,"TTCCTTCACACTTGGGAATA","AAACATTGTGTGATGTCATGA","CTYZ_00000998",0.85,0.85,0,TRUE,TRUE,1
"116",2,6,"TTCCTTCACACTTGGGAATA","TGAACATGAACTCCGCAC","CTYZ_00000998",0.85,0.86,0.01,TRUE,TRUE,2
"117",7,9,"GACAATTCACTCAGTTAAAGTTTTAT","GCAGATTTCTCAAGATCTTCTC","CTYZ_00000194",0.91,0.82,0.09,TRUE,TRUE,3
"118",10,8,"AAGGCGAGAGATATTCTTACA","TGTGTCATATAAAGTTCCCGT","CTYZ_00001006",0.78,0.82,0.04,TRUE,TRUE,4
"119",11,4,"GCAGAAAGTTCAATAATCAGGAA","GCCAGAAAGAATATCACTCCA","CTYZ_00001005",0.87,0.89,0.02,TRUE,TRUE,5
"120",13,8,"GCAGAAAGTTCAATAATCAGGAA","GCTCTTTCTATTCTTTGTAATTGGA","CTYZ_00001005",0.87,0.94,0.07,TRUE,TRUE,6
"121",19,1,"AGGCAAGTAACTGGAAAAATG","CCAATAATATTTGTTGAGCATCCT","CTYZ_00000992",0.82,0.9,0.08,TRUE,TRUE,7
"122",21,5,"AGGCAAGTAACTGGAAAAATG","ATATTTGTTGAGCATCCTGAAA","CTYZ_00000992",0.82,0.81,0.01,TRUE,TRUE,8
"123",22,6,"AGGCAAGTAACTGGAAAAATG","GAGCATCCTGAAAAATGTTGA","CTYZ_00000992",0.82,0.9,0.08,TRUE,TRUE,9
"124",23,8,"AGGCAAGTAACTGGAAAAATG","TCCTGAAAAATGTTGATTAAAGTTT","CTYZ_00000992",0.82,0.91,0.09,TRUE,TRUE,10
"125",24,9,"AGGCAAGTAACTGGAAAAATG","TGTTGAGCATCCTGAAAAATG","CTYZ_00000992",0.82,0.84,0.02,TRUE,TRUE,11
"126",25,10,"AGGCAAGTAACTGGAAAAATG","CCTGAAAAATGTTGATTAAAGTTTTT","CTYZ_00000992",0.82,0.87,0.05,TRUE,TRUE,12
"127",35,2,"CCCATCTATTAAGCAACTAAAATATT","AACTTTCCATATCTAGCAAATAATTT","CTYZ_00000007",0.84,0.88,0.04,TRUE,TRUE,13
"128",36,3,"CCCATCTATTAAGCAACTAAAATATT","AAACTTTCCATATCTAGCAAATAATT","CTYZ_00000007",0.84,0.88,0.04,TRUE,TRUE,14
"129",37,6,"CCCATCTATTAAGCAACTAAAATATT","GGTCTCATGTCTTTTTCCGT","CTYZ_00000007",0.84,0.91,0.07,TRUE,TRUE,15
"130",38,7,"CCCATCTATTAAGCAACTAAAATATT","GATCTCCATCTTTTTCACAAGT","CTYZ_00000007",0.84,0.82,0.02,TRUE,TRUE,16
"131",39,8,"CCCATCTATTAAGCAACTAAAATATT","ACAGCCAAACTTTCCATATCT","CTYZ_00000007",0.84,0.85,0.01,TRUE,TRUE,17
"132",40,9,"CCCATCTATTAAGCAACTAAAATATT","GCAAATAATTTTGTCAAATCAGCT","CTYZ_00000007",0.84,0.88,0.04,TRUE,TRUE,18
"133",43,10,"AGTAAAGTTCATAAATCAAAACCTG","TGATCTGCTAAAAGAACGTCT","CTYZ_00001002",0.75,0.84,0.09,TRUE,TRUE,19
"134",44,1,"TCAAAAATTTATGAGAAATCCACTC","TCAATACCTCTTCCCCATAAAT","CTYZ_00001004",0.85,0.85,0,TRUE,TRUE,20
"135",45,2,"TCAAAAATTTATGAGAAATCCACTC","CCCATAAATCTGTTGTAATTAAAACT","CTYZ_00001004",0.85,0.81,0.04,TRUE,TRUE,21
"136",46,3,"TCAAAAATTTATGAGAAATCCACTC","AATCTGTTGTAATTAAAACTCGTG","CTYZ_00001004",0.85,0.85,0,TRUE,TRUE,22
"137",47,5,"TCAAAAATTTATGAGAAATCCACTC","TCCCCATAAATCTGTTGTAATTAA","CTYZ_00001004",0.85,0.85,0,TRUE,TRUE,23
"138",48,6,"TCAAAAATTTATGAGAAATCCACTC","TTCCCCATAAATCTGTTGTAATTA","CTYZ_00001004",0.85,0.88,0.03,TRUE,TRUE,24
"139",49,9,"TCAAAAATTTATGAGAAATCCACTC","TTCCCCATAAATCTGTTGTAATT","CTYZ_00001004",0.85,0.84,0.01,TRUE,TRUE,25
"140",50,3,"AAGAGGTACAAAATGTTTCCG","TTCAAGAATTGATGCTTCGTATA","CTYZ_00002714",0.85,0.82,0.03,TRUE,TRUE,26
"141",51,4,"AAGAGGTACAAAATGTTTCCG","TGATGCTTCGTATATTGAATTTAATT","CTYZ_00002714",0.85,0.87,0.02,TRUE,TRUE,27
"142",52,5,"AAGAGGTACAAAATGTTTCCG","ATAGAAAAGAATAGGTTGTCATAAGA","CTYZ_00002714",0.85,0.88,0.03,TRUE,TRUE,28
"143",53,9,"AAGAGGTACAAAATGTTTCCG","AAAAGAATAGGTTGTCATAAGAGT","CTYZ_00002714",0.85,0.82,0.03,TRUE,TRUE,29
"144",56,5,"ACAAGAGGACAAAGAAAAAGAA","GTTGAAGAACATCCTTGTAAAATT","CTYZ_00001598",0.74,0.8,0.06,TRUE,TRUE,30
"145",62,5,"TGCTTTCATTGCTTTCTTCC","TCAGTATCAAGGAAAACAAAGG","CTYZ_00001187",0.81,0.84,0.03,TRUE,TRUE,31
"146",64,2,"AACAAGACAGAAATAGAAGTCAATA","GGAAGTTTGATTTTCTTGGAAATG","CTYZ_00001495",0.95,0.88,0.07,TRUE,TRUE,32
"147",65,6,"AACAAGACAGAAATAGAAGTCAATA","AGTTTGATTTTCTTGGAAATGTTTAA","CTYZ_00001495",0.95,0.88,0.07,TRUE,TRUE,33
"148",66,4,"AGTTTATTAAACAAGATCCTGCTA","ATATCCACCACTCTTCATACTT","CTYZ_00000997",0.85,0.91,0.06,TRUE,TRUE,34
"149",67,5,"AGTTTATTAAACAAGATCCTGCTA","ATCCGATGATTTGGGGATT","CTYZ_00000997",0.85,0.82,0.03,TRUE,TRUE,35
"150",68,6,"AGTTTATTAAACAAGATCCTGCTA","GTTAGAAGAACAACGCGTATA","CTYZ_00000997",0.85,0.82,0.03,TRUE,TRUE,36
"151",69,7,"AGTTTATTAAACAAGATCCTGCTA","CCACCACTCTTCATACTTTGT","CTYZ_00000997",0.85,0.87,0.02,TRUE,TRUE,37
"152",70,10,"AGTTTATTAAACAAGATCCTGCTA","TCTTTACATCTACTATCTTTTCGTT","CTYZ_00000997",0.85,0.88,0.03,TRUE,TRUE,38
"153",71,2,"GCAAGTTTGCTGTTTTTGTTTTT","TGGAGATGTTAAAATGACCTTTC","CTYZ_00003977",0.95,0.87,0.08,TRUE,TRUE,39
"154",72,6,"GCAAGTTTGCTGTTTTTGTTTTT","CTGGAGATGTTAAAATGACCTTT","CTYZ_00003977",0.95,0.91,0.04,TRUE,TRUE,40
"155",75,2,"TTCCAAAAGAGTAGTATTTCCAAA","CAGTTGATTCCATTATTGACTGT","CTYZ_00002543",0.77,0.84,0.07,TRUE,TRUE,41
"156",76,3,"TTCCAAAAGAGTAGTATTTCCAAA","TGGATCTGTAATGCAATATCTCT","CTYZ_00002543",0.77,0.83,0.06,TRUE,TRUE,42
"157",77,5,"TTCCAAAAGAGTAGTATTTCCAAA","TGTTGTACTTTTAAATCTGTAATGTT","CTYZ_00002543",0.77,0.84,0.07,TRUE,TRUE,43
"158",78,6,"TTCCAAAAGAGTAGTATTTCCAAA","AAATCTGTAATGTTTCTCTGCA","CTYZ_00002543",0.77,0.84,0.07,TRUE,TRUE,44
"159",79,7,"TTCCAAAAGAGTAGTATTTCCAAA","GTAATGTTTCTCTGCAGCTC","CTYZ_00002543",0.77,0.83,0.06,TRUE,TRUE,45
"160",86,2,"CCCGGAAAAAAAGTCTTTAGTA","AGGTTTCTGACCCTCCTT","CTYZ_00001186",0.89,0.81,0.08,TRUE,TRUE,46
"161",87,6,"CCCGGAAAAAAAGTCTTTAGTA","CGTCTTTACTGCCTTTGTAAAC","CTYZ_00001186",0.89,0.92,0.03,TRUE,TRUE,47
"162",88,7,"CCCGGAAAAAAAGTCTTTAGTA","GACCCTCCTTATTAATCTTTTGTA","CTYZ_00001186",0.89,0.91,0.02,TRUE,TRUE,48
"163",89,8,"CCCGGAAAAAAAGTCTTTAGTA","CCCTCCTTATTAATCTTTTGTAAGA","CTYZ_00001186",0.89,0.84,0.05,TRUE,TRUE,49
"164",90,9,"CCCGGAAAAAAAGTCTTTAGTA","AGTTTTGGCTTTGGTCTTTG","CTYZ_00001186",0.89,0.83,0.06,TRUE,TRUE,50
"165",91,10,"CCCGGAAAAAAAGTCTTTAGTA","GTTTTGGCTTTGGTCTTTGA","CTYZ_00001186",0.89,0.89,0,TRUE,TRUE,51
"166",99,1,"AAGCTTTGTGTAATTGTGCT","CCAACTCTTCTTCTGTGAATC","CTYZ_00002885",0.82,0.81,0.01,TRUE,TRUE,52
"167",100,2,"AAGCTTTGTGTAATTGTGCT","GCCAACTCTTCTTCTGTGA","CTYZ_00002885",0.82,0.87,0.05,TRUE,TRUE,53
"168",101,5,"AAGCTTTGTGTAATTGTGCT","GCCAACTCTTCTTCTGTGAA","CTYZ_00002885",0.82,0.89,0.07,TRUE,TRUE,54
"169",102,7,"AAGCTTTGTGTAATTGTGCT","CGCCAACTCTTCTTCTGT","CTYZ_00002885",0.82,0.8,0.02,TRUE,TRUE,55
"170",108,1,"AGAAGAGAAAGAGAAGAGAAAGA","GAAAGTGAAGCAAGCATGT","CTYZ_00003983",0.85,0.81,0.04,TRUE,TRUE,56
"171",109,2,"AGAAGAGAAAGAGAAGAGAAAGA","AACCACTAGCCTGTTGTT","CTYZ_00003983",0.85,0.88,0.03,TRUE,TRUE,57
"172",110,3,"AGAAGAGAAAGAGAAGAGAAAGA","CAAGCATGTCTGAAATACCTT","CTYZ_00003983",0.85,0.84,0.01,TRUE,TRUE,58
"173",111,4,"AGAAGAGAAAGAGAAGAGAAAGA","GAGTAACAGTATCTGACACTGA","CTYZ_00003983",0.85,0.86,0.01,TRUE,TRUE,59
"174",112,8,"AGAAGAGAAAGAGAAGAGAAAGA","AACTCCATCCCAGTCCTA","CTYZ_00003983",0.85,0.92,0.07,TRUE,TRUE,60
"175",113,9,"AGAAGAGAAAGAGAAGAGAAAGA","CCTGTTGTTGTGGAGTAACA","CTYZ_00003983",0.85,0.88,0.03,TRUE,TRUE,61
"176",114,10,"AGAAGAGAAAGAGAAGAGAAAGA","AAAGTGAAGCAAGCATGTC","CTYZ_00003983",0.85,0.89,0.04,TRUE,TRUE,62
"177",116,2,"AGACTATATCAATTTCCTTTCAAGT","AAGTAACTCCAAAATCCCTAAAA","CTYZ_00001183",0.75,0.82,0.07,TRUE,TRUE,63
"178",117,4,"AGACTATATCAATTTCCTTTCAAGT","AGCATGATATTTAAGTAACTCCAAA","CTYZ_00001183",0.75,0.84,0.09,TRUE,TRUE,64
"179",119,9,"AGACTATATCAATTTCCTTTCAAGT","ATATTTAAGTAACTCCAAAATCCCT","CTYZ_00001183",0.75,0.84,0.09,TRUE,TRUE,65
"180",122,6,"TCTTTCAAATAAATCAGCAGGA","AACACTAAAATAATCTTCAATCTCTC","CTYZ_00001596",0.82,0.84,0.02,TRUE,TRUE,66
"181",123,7,"TCTTTCAAATAAATCAGCAGGA","GTGCTGTAGGACCTTTCTT","CTYZ_00001596",0.82,0.87,0.05,TRUE,TRUE,67
"182",124,9,"TCTTTCAAATAAATCAGCAGGA","CGTGCTGTAGGACCTTTC","CTYZ_00001596",0.82,0.89,0.07,TRUE,TRUE,68
"183",136,1,"AGAAGAAGAATCACCGCTT","TGGAAAAAAGTGCTTCAATTTTC","CTYZ_00003090",0.85,0.88,0.03,TRUE,TRUE,69
"184",137,2,"AGAAGAAGAATCACCGCTT","TTAAAAATGGAAAAAAGTGCTTCA","CTYZ_00003090",0.85,0.85,0,TRUE,TRUE,70
"185",138,3,"AGAAGAAGAATCACCGCTT","CAATTTTCTTCTCAATAACAACGTA","CTYZ_00003090",0.85,0.92,0.07,TRUE,TRUE,71
"186",139,4,"AGAAGAAGAATCACCGCTT","CAATTTTCTTCTCAATAACAACGT","CTYZ_00003090",0.85,0.81,0.04,TRUE,TRUE,72
"187",140,7,"AGAAGAAGAATCACCGCTT","TCAATTTTCTTCTCAATAACAACG","CTYZ_00003090",0.85,0.84,0.01,TRUE,TRUE,73
"188",141,9,"AGAAGAAGAATCACCGCTT","CAATTTTCTTCTCAATAACAACGTAT","CTYZ_00003090",0.85,0.92,0.07,TRUE,TRUE,74
"189",142,10,"AGAAGAAGAATCACCGCTT","TTATTAAAAATGGAAAAAAGTGCTTC","CTYZ_00003090",0.85,0.85,0,TRUE,TRUE,75
"190",143,4,"AACTCTCAGAAATGTCCAGA","TTCCTACGATATTCTTCCTCTT","CTYZ_00002382",0.82,0.81,0.01,TRUE,TRUE,76
"191",144,6,"AACTCTCAGAAATGTCCAGA","CGAATATTTGTTTAGCTTCAGCA","CTYZ_00002382",0.82,0.9,0.08,TRUE,TRUE,77
"192",147,4,"CCTACCTTACAACCTTAACTTC","CAAACAAAAATGGATCCAGTTT","CTYZ_00001008",0.77,0.83,0.06,TRUE,TRUE,78
"193",148,6,"TTCAGTACTTACCAATTACTATGTT","GCTTGAGAAAGGAGCAGAAT","CTYZ_00002119",0.82,0.87,0.05,TRUE,TRUE,79
"194",149,7,"TTCAGTACTTACCAATTACTATGTT","GAATCATAAGAATATGGAGCTGA","CTYZ_00002119",0.82,0.82,0,TRUE,TRUE,80
"195",153,1,"TCATTTAAACCAATTTCCAATTCAA","GTCAAATCATTATTATCCATGTACTT","CTYZ_00001197",0.83,0.83,0,TRUE,TRUE,81
"196",154,2,"TCATTTAAACCAATTTCCAATTCAA","CTGTCAAATCATTATTATCCATGTAC","CTYZ_00001197",0.83,0.81,0.02,TRUE,TRUE,82
"197",155,3,"TCATTTAAACCAATTTCCAATTCAA","TCTATTCTACATTGACAAGAACTAAT","CTYZ_00001197",0.83,0.83,0,TRUE,TRUE,83
"198",161,1,"ACCAAGACAATCTAATCTCAAAG","GCTATTTTATTCACCTCTGAAATAAG","CTYZ_00002553",0.75,0.82,0.07,TRUE,TRUE,84
"199",162,7,"ACCAAGACAATCTAATCTCAAAG","GTGTTTCCAAATTACATGGCT","CTYZ_00002553",0.75,0.82,0.07,TRUE,TRUE,85
"200",164,10,"CAGAAGCTACAAAGGAATACTT","CTATTTCTGTAGCATCTTCATCAT","CTYZ_00003373",0.79,0.82,0.03,TRUE,TRUE,86
"201",1,5,"CCAATACAAATCCAGATGTTTTAAAT","CCGATTATTCTCTGCCCTA","CTYZ_00001001",0.87,0.85,0.02,TRUE,TRUE,NA
"202",2,6,"CCAATACAAATCCAGATGTTTTAAAT","GCCGATTATTCTCTGCCC","CTYZ_00001001",0.87,0.88,0.01,TRUE,TRUE,NA
"203",3,7,"CCAATACAAATCCAGATGTTTTAAAT","CGATTATTCTCTGCCCTAAAGA","CTYZ_00001001",0.87,0.93,0.06,TRUE,TRUE,NA
"204",4,8,"CCAATACAAATCCAGATGTTTTAAAT","TGCCGATTATTCTCTGCC","CTYZ_00001001",0.87,0.8,0.07,TRUE,TRUE,NA
"205",5,1,"CCCATTTGAAGAGATTTATTTAACAA","CTTCCTTAAATTATTCAACTCCTCT","CTYZ_00000576",0.81,0.84,0.03,TRUE,TRUE,NA
"206",6,3,"CCCATTTGAAGAGATTTATTTAACAA","TCTTTTCTTCCTTCCTTAAATTATTC","CTYZ_00000576",0.81,0.84,0.03,TRUE,TRUE,NA
"207",7,5,"CCCATTTGAAGAGATTTATTTAACAA","TGCCCTAATAATTCTGAATATCCT","CTYZ_00000576",0.81,0.88,0.07,TRUE,TRUE,NA
"208",8,8,"CCCATTTGAAGAGATTTATTTAACAA","CCTTCCTTAAATTATTCAACTCCT","CTYZ_00000576",0.81,0.81,0,TRUE,TRUE,NA
"209",9,9,"CCCATTTGAAGAGATTTATTTAACAA","TCTTCTTTTCTTCCTTCCTTAAAT","CTYZ_00000576",0.81,0.81,0,TRUE,TRUE,NA
"210",10,8,"TGGGTGGATTTGTAGCAA","TCCCAAAAATAGTTGTAGAGATG","CTYZ_00000066",0.71,0.8,0.09,TRUE,TRUE,NA
"211",11,10,"CCAACTCTTTTTTTCTGGGG","CTAATTGATGGAAGTGATCTCTT","CTYZ_00000066",0.81,0.81,0,TRUE,TRUE,NA
"212",12,3,"ATTGTTTTACTTTACACCAATACG","TCAAAAGTGTGCAAGTTCTAG","CTYZ_00002693",0.75,0.81,0.06,TRUE,TRUE,NA
"213",13,3,"AAAATAATCCTGAACAGAAAAAAGA","TCTGAGCAGAATTTCTCTCTT","CTYZ_00000994",0.85,0.87,0.02,TRUE,TRUE,NA
"214",14,4,"AAAATAATCCTGAACAGAAAAAAGA","AATTTCTCTCTTATTAGTCCATCTT","CTYZ_00000994",0.85,0.87,0.02,TRUE,TRUE,NA
"215",15,5,"AAAATAATCCTGAACAGAAAAAAGA","CTGAGCAGAATTTCTCTCTTATT","CTYZ_00000994",0.85,0.8,0.05,TRUE,TRUE,NA
"216",16,8,"AAAATAATCCTGAACAGAAAAAAGA","CGCATCTGAGCAGAATTTCT","CTYZ_00000994",0.85,0.92,0.07,TRUE,TRUE,NA
"217",17,9,"AAAATAATCCTGAACAGAAAAAAGA","GCCAATGTTGCAGGTCT","CTYZ_00000994",0.85,0.84,0.01,TRUE,TRUE,NA
"218",18,10,"AAAATAATCCTGAACAGAAAAAAGA","GCATCTGAGCAGAATTTCTCT","CTYZ_00000994",0.85,0.91,0.06,TRUE,TRUE,NA
"219",19,2,"ACTGGAAATGGATCTAAAAAACC","AACTGGTAAGTGAGGCTTT","CTYZ_00000583",0.87,0.85,0.02,TRUE,TRUE,NA
"220",20,3,"ACTGGAAATGGATCTAAAAAACC","CAACTGGTAAGTGAGGCTT","CTYZ_00000583",0.87,0.86,0.01,TRUE,TRUE,NA
"221",21,9,"ACTGGAAATGGATCTAAAAAACC","TTACTTTCTTAATCTAAAACCAACTG","CTYZ_00000583",0.87,0.81,0.06,TRUE,TRUE,NA
"222",22,2,"GAAGAGAGTCGGAGCAG","ATGTCTCATTCCTAGTTGTATAATT","CTYZ_00000579",0.75,0.81,0.06,TRUE,TRUE,NA
"223",23,2,"TTTTATTTATTTTGGAAGTCTTGCTA","CCCAATACAACCTCCTGTC","CTYZ_00001064",0.86,0.85,0.01,TRUE,TRUE,NA
"224",24,3,"TTTTATTTATTTTGGAAGTCTTGCTA","ACAACCTCCTGTCATAAAGC","CTYZ_00001064",0.86,0.85,0.01,TRUE,TRUE,NA
"225",25,4,"AGCATCATCAAAACAACTATTATC","CAATAAAATGAATGTATCTCATACCG","CTYZ_00000245",0.76,0.81,0.05,TRUE,TRUE,NA
"226",26,6,"AGCATCATCAAAACAACTATTATC","TTATACACCAATAAAAATTCCATCTC","CTYZ_00000245",0.76,0.85,0.09,TRUE,TRUE,NA
"227",27,8,"TCATATTGGACATTATTCTGGTATT","TTAGATTCGGTAATGCAGGA","CTYZ_00000245",0.9,0.83,0.07,TRUE,TRUE,NA
"228",28,10,"TCATATTGGACATTATTCTGGTATT","CCATTGAAGTAATAAAAGGAATTGTA","CTYZ_00000245",0.9,0.88,0.02,TRUE,TRUE,NA
"229",29,6,"GCTTCCATTTGCGGTCT","CGAGACTGGTTGAAACAGA","CTYZ_00003061",0.82,0.85,0.03,TRUE,TRUE,NA
"230",30,8,"GCTTCCATTTGCGGTCT","CGACTTGTACTCATATTAATCAAGG","CTYZ_00003061",0.82,0.91,0.09,TRUE,TRUE,NA
